asin,brand,title,amazon_subcategory,reasoning
260355151,forgotten books,"therapeutic pocket-book for homeopathic physicians: to be used at the beside of the patient, and in studying the materia medica pura (classic reprint)",single homeopathic remedies,Title keyword filter: 'book'
B001E0X7Z0,herbs for kids,"herbs for kids eldertussin syrup, 4 ounce - 3 per case.",cough syrups & liquids,Title keyword filter: 'syrup'
B00BZOKQ5O,stott pilates,stott pilates weight loss circuit training level 3 dvd,fat burners,Title keyword filter: 'dvd'
B017HAMT0E,ero,ero 50 ml backside anal tightening cream,intimate moisturizers,Title keyword filter: 'cream'
B01K6VRGHM,good medicine beauty lab,every little thing balm (4 oz.),non-aspirin pain relievers,Title keyword filter: 'balm'
B01LZO1D07,e de b,"essence de beaute collagen cream - 4 oz, face moisturizer for all skin tones, adult age range",collagen supplements,Title keyword filter: 'cream'
B01MXZZYFI,horze,horze womens desiree knee patch breeches - white/silver - 24,multivitamins,Title keyword filter: 'patch'
B077YF7VC8,crystalmiracle,"crystalmiracle beautiful calligraphy jasper dowsing cone pendulum healing crystals, metaphysical divination gemstone pendulum crystal reiki feng shui, meditation, gift for men women",other alternative medicine,Title keyword filter: 'gemstone'
B078YGRNPJ,remove,advil pain reliever/fever reducer liqui-gels 200mg - 20 ct  pack of 4,non-aspirin pain relievers,Title keyword filter: 'gel'
B07BSKX9DQ,celebrate bariatric supplements,"celebratevitaminsbariatric500mgcalciumcitratesoftchewswith500iuvitamind3âessentialforgastricbypasspatients&bonehealth-sugar&glutenfree,strawberrybananacream(90chews)",calcium vitamin d combination supplements,Title keyword filter: 'cream'
B07FD9XJFY,velona,tea tree essential oil by velona - 8 fl oz  therapeutic grade for aromatherapy diffuser undiluted,cough drops & lozenges,Title keyword filter: 'essential oil'
B07HCQ4FGW,kheops international,gemstone sphere (jade),other alternative medicine,Title keyword filter: 'gemstone'
B07JRC9BCG,shankar pharmacy,shankar pharmacy shankar pharmacy ulset syrup - 1 ml(1 ml (pack of 1) multicolour),cough syrups & liquids,Title keyword filter: 'syrup'
B07RR182CH,strive,"strive body and skin irritation cream | natural formula for wrist, hand, leg and more | 2 oz jar | made in the usa",other mineral supplements,Title keyword filter: 'cream'
B07TQ9XL8W,messentials,"wildessentialscoupleâsheartnecklaceessentialoildiffuserkit,lavender,lemongrass,peppermint,orangeoils,12refillpads,calmingaromatherapygiftset,customizablecolorchanging,perfume",cbd & hemp extract products,Title keyword filter: 'perfume'
B07VKSMD4K,kerala ayurveda,kerala ayurveda cervigest capsule- 90 countone free prakruthi ginger candy for each order.,other herbal supplements,Title keyword filter: 'candy'
B083M2DSG2,kaxilu,dr willmar schwabe india homoeopathic topi cardiospermum cream (25g),single homeopathic remedies,Title keyword filter: 'cream'
B083XG7BQ8,candykorner,candykorner champagne bubbles | champagne bubble gels,elderberry herbal supplements,Title keyword filter: 'gel'
B084X2HTV1,crystalmiracle,crystalmiracle fancy necklace healing fashion jewelry women men gift positive energy peace wellness meditation handcrafted accessory,other alternative medicine,Title keyword filter: 'jewelry'
B086H55F2S,biolabs pro,estrogen - all natural bioidentical estrogen bi-est 5.0 - hormone replacement menopause relief estrogen cream for women - estriol & estradiol - maximum strength - two month supply - 3oz,feminine menopause products,Title keyword filter: 'cream'
B08BC2Z27V,crystalmiracle,crystalmiracle garnet gemstone tree of life key chain crystal healing fashion accessory gift positive energy,other alternative medicine,Title keyword filter: 'gemstone'
B08JN3GKJQ,oil of youth,oil of youth essential oils 8oz - cinnamon bark essential oil - 8 fluid ounces,cbd & hemp extract products,Title keyword filter: 'essential oil'
B08Q3JZSKD,healthergize,"hemp variety set-premium hemp oil, hemp max cream, hemp gummies bears-made in usa",cbd & hemp extract products,Title keyword filter: 'cream'
B08QTWC3PH,multivitamin,intimate feminine moisturizing cream for vulva and vaginal dryness relief hydrating soothing balm with hyaluronic acid collagen natural ph balance hormone-free daily care for women 100ml/3.4 fl oz,intimate moisturizers,Title keyword filter: 'cream'
B08Y5ST2C7,lilove,lilove wood carved chinese medicine buddha statue pendant key chain ring home decoration,other alternative medicine,Title keyword filter: 'key chain'
B08YDYH8FD,maxhemp,2 pack organic hemp gummies 3000 extra strengthen high potency with pure hemp oil extract vegan edible bear candy fruit flavor made in us,cbd & hemp extract products,Title keyword filter: 'candy'
B094RB1BJV,lmdprajapatis,lmdprajapatis 5.25 carat natural certified yellow saphire (pukhraj) loose gemstone,other alternative medicine,Title keyword filter: 'gemstone'
B096928MJ4,trueseamoss,"trueseamoss sea moss gummies, contains irish sea moss, extract, burdock root, bladderwrack, seamoss gel gummies for, immune support, energy (pack of 5, seamoss)",other digestive supplements,Title keyword filter: 'gel'
B09FSYHYBZ,fashewelry,fashewelry 90pcs transparent resin mini dice charms & gummy heart charms colorful candy love heart charm multicolor 3d cube dice pendants for diy jewelry supplies,elderberry herbal supplements,Title keyword filter: 'jewelry'
B09GL8F524,spoonz,"spoonz sqwincher zero qwik stik - sugar free electrolyte powdered beverage mix, assorted flavors (40 sticks) with fog wipe",electrolyte drink mixes & supplements,Title keyword filter: 'wipe'
B09HSG15QB,sharvgun,sharvgun gemstone clear quartz orgone pyramid eye of horus healing crystal generator orgonite pyramid yoga meditation crystal reki gift 70-75mm,other alternative medicine,Title keyword filter: 'gemstone'
B09HSH3MRN,sharvgun,sharvgun gemstone green peridot orgone pyramid reiki chakra symbol healing crystal generator orgonite pyramid yoga meditation crystal reki gift 70-75mm,other alternative medicine,Title keyword filter: 'gemstone'
B09HSHYMT9,sharvgun,sharvgun gemstone black tourmaline orgone pyramid shree yantra healing crystal generator orgonite pyramid yoga meditation crystal reki gift 70-75mm,other alternative medicine,Title keyword filter: 'gemstone'
B09JY9BKZD,orca beauty,"biotin hair growth serum, biotin for hair growth oil, biotin hair oil - biotin oil, natural dht blocker hair serum for hair growth, anti-thinning liquid biotin hair growth serum women (2oz)","hair, skin & nails supplements",Title keyword filter: 'serum'
B09M8MRLQV,sharvgun,"sharvgun clear quartz yantra gemstone healing charge energy generator, 4 points gold plated metal spiral cones for meditation, balancing reiki crystals",other alternative medicine,Title keyword filter: 'gemstone'
B09NC8KMFZ,goliate,"goliate intimate balm - soothing care - enriched with calendula and vitamin e  vegan, organic - moisturizing - woman - dryness, menopause - made in france - 15 ml",menopause care products,Title keyword filter: 'balm'
B09QB23QS2,trueseamoss,"trueseamoss raw irish sea moss - makes 100oz of sea moss gel - wildcrafted seamoss dried whole superfood - for skin, hair, digestion - natural 8oz pack",other digestive supplements,Title keyword filter: 'gel'
B09QB6YW51,trueseamoss,trueseamoss sea moss raw gold - organic wildcrafted irish sea moss for digestion and skin health - makes 200 oz of gel - sundried 16oz,other digestive supplements,Title keyword filter: 'gel'
B09W9R62WQ,masgemes,"masgemes gemstone crystal tree of life - natural amethyst geode cluster base, chakra healing crystals, positive energy bonsai money feng shui home decor for good luck gift, 10-12",other alternative medicine,Title keyword filter: 'gemstone'
B09WDQP184,lmdprajapatis,lmdprajapatis 5.25 carat silver plated light green a+ quality natural peridot lab tested astrological gemstone adjustable ring for men or women's,other alternative medicine,Title keyword filter: 'gemstone'
B09YM43SLT,abhisubya,meditation kit - crystals and healing stones - tumbled crystals - 7 chakra stones - natural stones and crystals - polished stones - gemstone kits for healing,other alternative medicine,Title keyword filter: 'gemstone'
B09YP7WC61,masgemes,"masgemes chakra tree gemstone crystal treeof life,natural multi stone colorful tree with amethyst cluster base,positive energy healing crystals feng shui bonsai money tree,home office decor",other alternative medicine,Title keyword filter: 'gemstone'
B0B2HZYM8Y,fuqimanman2020,fuqimanman2020 spiritual healing crystal natural stone bead bracelets handmade adjustable braided wax rope wish cards yoga reiki relax anxiety jewelry gifts for couple bff friendship jewelry (chakra),other alternative medicine,Title keyword filter: 'jewelry'
B0B2JX8KF7,maxhemp,"4 pack organic hemp gummies 500,000 extra strengthen high potency with pure hemp oil extract vegan edible bear candy made in us",cbd & hemp extract products,Title keyword filter: 'candy'
B0B3TJ513F,jewever,jewever 2pcs anklet bracelets for women 7 chakra healing crystals essential oils diffuser worry stone energy balancing meditation yoga gifts beach foot (lava stone & moonstone),other alternative medicine,Title keyword filter: 'essential oil'
B0B5SZVX3W,massive beads,massive beads natural chakra healing power crystals macrame bracelet yoga double layer stone beads gemstone meditation relax anxiety bangle for unisex women men,other alternative medicine,Title keyword filter: 'gemstone'
B0B9HS1KBT,enzz,"enzz temple chanting tool, portable buddha machine for home for office for travel for temple",other alternative medicine,Title keyword filter: 'machine'
B0BCKKHJXS,fiyo,"fiyo fluorite crystal stone, natural crystals gemstone healing fluorite egg healing crystal pocket massage jade fluorite healing crystal gemstone ball",other alternative medicine,Title keyword filter: 'gemstone'
B0BDR7Y455,linalife,linalife 1.5 elephant statue quartz healing crystal carved stones tiger's eye gemstone reiki gemstone crafts statues elephant gifts collectible decor for home office desk,other alternative medicine,Title keyword filter: 'gemstone'
B0BFLJFCDW,gemshiner,unisex cabochon (4 * 6 mm) chrysoberyl 0.64 ct loose stone - natural chakra reiki polished pocket healing stones and crystal energy gemstones for meditation,other alternative medicine,Title keyword filter: 'gemstone'
B0BFYKNSGS,phoenix nutritionals,"high vitality multivitamin and mineral full spectrum gel easy swallow caps absorption potency liquid essential nutrient hair, skin, nails, adrenal, brain support blend, 120.0 count",multivitamins,Title keyword filter: 'gel'
B0BGLTJ2FW,amazing gemstone,amazing gemstone apatite buddhist prayer beads japa mala with 108 meditation beads (hand knotted),other alternative medicine,Title keyword filter: 'gemstone'
B0BGLWVJMX,amazing gemstone,amazing gemstone bronzite buddhist prayer beads japa mala with 108 meditation beads (hand knotted),other alternative medicine,Title keyword filter: 'gemstone'
B0BKVTCWH3,asingeloo,"150pcs 8mm rose quartz beads,natural gemstone beads round loose beads for jewelry making energy healing power stones",other alternative medicine,Title keyword filter: 'jewelry'
B0BLC2RD8S,gem avenue,"naturaltanzanitecrystalârawroughblue-violetgemstonemineralforcollectors,lapidary,jewelrymaking,ordisplayâuncuttanzanitestonespecimen-rgh261",other alternative medicine,Title keyword filter: 'jewelry'
B0BLC5VPG4,gem avenue,natural raw rough tanzanite crystal gemstone 3 to 4 grams,other alternative medicine,Title keyword filter: 'gemstone'
B0BM4TQ7RJ,healthergize,"healthergize hemp gummies premium-delicious cherry twins-natural hemp candy-for sleep, relax, calm, chill, party, discomfort-made in usa",cbd & hemp extract products,Title keyword filter: 'candy'
B0BN1YZBK2,crow,"crow manoll syrup natural health tonic, 400 g",cough syrups & liquids,Title keyword filter: 'syrup'
B0BPPYW31W,goldy,goldy amrita bindu syrup 120ml,cough syrups & liquids,Title keyword filter: 'syrup'
B0BT9WJBV4,subsh,subsh labradorite crystal ball - crystal sphere - gemstone ball with stand - healing crystal ball - gazing ball with stand - sphere gifts - large crystal ball - home decor,other alternative medicine,Title keyword filter: 'gemstone'
B0BTMBSG2M,subsh,subsh rainbow moonstone tumble gemstone - chakra healing crystals - smooth stones - stone essentials - rocks and crystals - polished rocks large - gem stone kit - witchy gifts (10 pcs),other alternative medicine,Title keyword filter: 'gemstone'
B0BTMC4D1Y,subsh,subsh lepidolite tumbled stones and crystals bulk - healing stones - pointy rocks - pack of crystals rocks - recover gemstone - rocks polished - smooth stones - spiritual gemstones (10 pcs),other alternative medicine,Title keyword filter: 'gemstone'
B0BTMCL3N8,subsh,subsh citrine tumble gemstone - smooth crystal stone - healing crystals set - bundle of crystals - meditation accessories - cool rocks - crystal sets for healing - spiritual gifts (10 pcs),other alternative medicine,Title keyword filter: 'gemstone'
B0BTMD6SHM,subsh,subsh green jade natural gemstones - tumbled crystals - smooth stones - positive crystals - small crystals bulk - stone chakra set - healing reiki crystals - stone to decoration (10 pcs),other alternative medicine,Title keyword filter: 'gemstone'
B0BTPDJBLK,naribabu,tiger eye crystal - vector pendulum - healing crystals and stones - spiritual pendulum - chakra crystals pendulum - divination crystals - gemstones and crystals - reiki crystals and healing stones,other alternative medicine,Title keyword filter: 'gemstone'
B0BTPFHY42,naribabu,"naribabu lapis lazuli tree, crystal for positive energy, feng shui stones, spiritual gifts, gemstone bonsai, tree of life decor, good luck gems",other alternative medicine,Title keyword filter: 'gemstone'
B0BTRV726T,justinstones,hand carved pines nut pines cones filbert healing crystals natural gemstone amulets reiki pendant necklace 22 inch,other alternative medicine,Title keyword filter: 'gemstone'
B0BTT93CYN,subsh,subsh golden pyrite crystals and healing stones - polished moldavite - tumble gemstone - crystal set - decorative rocks - gem stones rocks crystals - boji stones pair - reiki supplies,other alternative medicine,Title keyword filter: 'gemstone'
B0BTVNVDHZ,subsh,"sodalite crystal, raw crystals bulk, healing crystals, metaphysical supplies, sodalite, crystal, raw rocks, raw gemstones, gemstones for tumbling, stones and crystals from india, sodalite raw 1lb",other alternative medicine,Title keyword filter: 'gemstone'
B0BTVPNXJV,subsh,"black tourmaline, rough crystals and stones, healing crystals, tourmaline, crystal set, authentic gemstones, gemstones for crafts, precious gemstones, spiritual stones, raw stones, tourmaline crystal",other alternative medicine,Title keyword filter: 'gemstone'
B0BVB4VYFG,naribabu,green jade crystal - healing crystal wands - energy stones and crystals - stone wand - green jade gemstone - healing wand - gemstone wand - small crystal tower bulk - natural stones,other alternative medicine,Title keyword filter: 'gemstone'
B0BVFXFSYB,naribabu,naribabu rainbow moonstone - crystal wands for healing - crystal set wicca - gemstone wand - meditation crystal - crystal point set - moonstone crystals - reiki wand - meditation decor,other alternative medicine,Title keyword filter: 'gemstone'
B0BVTX5J8H,rompe pecho,"rompe pecho cf, cold and flu syrup, 6 fl oz, bottle (pack of 3)",cough syrups & liquids,Title keyword filter: 'syrup'
B0BWC8R1TS,aeryon ashlie wellness,"mãveitstoolsoftenersforwomenbyaeryonwellnessall-naturallaxativefreecoloncleanseranddetoxforweightlossibsreliefprovidesbloatingrelief,restoresguthealth-60cap",laxatives,Title keyword filter: 'cleanser'
B0BWSCKH8K,masgemes,"chakra tree of life natural gemstone crystal tree,healing stones(406 stone count) with amethyst cluster,fengshui decor bonsai money tree,positive energy good luck gift size 8.5-9",other alternative medicine,Title keyword filter: 'gemstone'
B0BXJNKYJN,masgemes,"masgemes rose quartz gemstone crystal tree of life, healing stone of emotional positive energy for love, good luck, chakra, feng shui decor, spiritual gift, size 7.5-8",other alternative medicine,Title keyword filter: 'gemstone'
B0BZWP4YJ4,biogenic foods,tonic-klenz - non-gmo alkalizing & energizing complete flush and natural cleanser,weight loss detox & cleanse,Title keyword filter: 'cleanser'
B0C1N74PGK,hmone,"3 packs organic hemp gummies extra strengthen high potency with pure hemp oil extract vegan edible bear candy - non-gmo, vegan, low sugar, made in usa",cbd & hemp extract products,Title keyword filter: 'candy'
B0C3GS3J3B,anaya agate,adjustablecrystalbraceletâyellowjaspergemstonebeadbraceletâchicgemstonebraceletformenandwomenâ8mmroundhealingcrystalbeadbracelets(yellowjasper),other alternative medicine,Title keyword filter: 'gemstone'
B0C3GSVFYS,anaya agate,"mariamjasperbraceletâhealingcrystalbraceletforwomen,menâchicgemstonebraceletformenandwomenâ8mmroundbeadbraceletsforspiritualhealing,protection,positiveenergy",other alternative medicine,Title keyword filter: 'gemstone'
B0C3GT9ND9,anaya agate,"kiwijasperbraceletâhealingcrystalbraceletforwomen,menâchicgemstonebraceletformenandwomenâ8mmroundbeadbraceletsforspiritualhealing,protection,positiveenergy",other alternative medicine,Title keyword filter: 'gemstone'
B0C3GVB2Y4,anaya agate,"dalmatianjasperbraceletâhealingcrystalbraceletforwomen,menâchicgemstonebraceletformenandwomenâ8mmroundbeadbraceletsforspiritualhealing,protection,positiveenergy",other alternative medicine,Title keyword filter: 'gemstone'
B0C3GWFVZS,anaya agate,"7chakrabraceletâhealingcrystalbraceletforwomen,menâchicgemstonebraceletformenandwomenâ8mmroundbeadbraceletsforspiritualhealing,protection,positiveenergy",other alternative medicine,Title keyword filter: 'gemstone'
B0C3GWQ6N2,anaya agate,"naturalaaa-gradetigereyebraceletâhealingcrystalbraceletforwomen,menâchicgemstonebraceletformenandwomenâ8mmroundbeadbraceletsforspiritualhealing,protection,positiveenergy",other alternative medicine,Title keyword filter: 'gemstone'
B0C3GX36V4,anaya agate,"amazonitebraceletâhealingcrystalbraceletforwomen,menâchicgemstonebraceletformenandwomenâ8mmroundbeadbraceletsforspiritualhealing,protection,positiveenergy",other alternative medicine,Title keyword filter: 'gemstone'
B0C3GXC5FT,anaya agate,"goldsheenobsidianbraceletâhealingcrystalbraceletforwomen,menâchicgemstonebraceletformenandwomenâ8mmroundbeadbraceletsforspiritualhealing,protection,positiveenergy",other alternative medicine,Title keyword filter: 'gemstone'
B0C3QMJRFR,wholesalegemshop,wholesalegemshop 3 inch (70 mm) gemstones angelite obelisk tower jumbo facet aura rock crystal natural polished earth wand spirit,other alternative medicine,Title keyword filter: 'gemstone'
B0C4477KK7,herbion,"herbion naturals cough syrup with honey-5floz-relieve cough & soothes sore throat-optimizes immune-promotes lung function-for adults & kids 13 months+, 24 pack",cough syrups & liquids,Title keyword filter: 'syrup'
B0C5SYVRLD,tgh,"tgh natural carnelian chips crystal earring, yoga jewelry, meditation earring, raw gemstone, energy healing crystals, birthday, gemstone jewelry, gift for her, valentine day gift (carnelian)",other alternative medicine,Title keyword filter: 'jewelry'
B0C5T1J59R,tgh,"tgh natural neon apatite chips crystal earring, yoga jewelry, meditation earring, raw gemstone, energy healing crystals, birthday, gemstone jewelry, valentine day gift (neon apatite)",other alternative medicine,Title keyword filter: 'jewelry'
B0C5T317W3,tgh,"tgh tgh natural black spinel chips crystal earring, yoga jewelry, meditation earring, energy healing crystals, birthday, gemstone jewelry, gift for her, valentine day gift (black spinel)",other alternative medicine,Title keyword filter: 'jewelry'
B0C5ZCKH58,pyor,"pyor labradorite crystal, round crystal ball, spiritual crystals, crystal balls, crystals and stones, gemstone collection, decorative balls, energy crystals, meditation altar",other alternative medicine,Title keyword filter: 'gemstone'
B0C6SK1577,justinstones,justinstones carved hematite gemstone peace angel pocket guardian angel healing statue 2 inch,other alternative medicine,Title keyword filter: 'gemstone'
B0C7KSTVMY,tgh,"tgh natural bloodstone beads crystal earring, gemstone round beads, energy healing crystals, birthday, gift for her, jewelry, valentine day gift (bloodstone)",other alternative medicine,Title keyword filter: 'jewelry'
B0C9SKNGVY,caiyao,caiyao 2 couple unisex healing stone bracelets natural gemstone charm stretch bracelet energy heart charm tiger eye 8mm beads bracelet handmade,other alternative medicine,Title keyword filter: 'gemstone'
B0CBBMVLVS,tgh,"natural clear quartz heart crystals earring, heart gemstone, energy healing crystals, birthday, gift for her, gemstone jewelry, valentine day gift (clear quartz)",other alternative medicine,Title keyword filter: 'jewelry'
B0CBQK3QNG,dr teal's,"dr. teal's hemp seed oil foaming bath gift set (2 pack, 34oz ea) - cannabis sativa hemp seed oil - essential oils blended with pure epsom salt calm the senses & alleviates daily stress",cbd & hemp extract products,Title keyword filter: 'essential oil'
B0CCJVH1VJ,gem avenue,selenite heart crystal gemstone charging bowl -rsh216,other alternative medicine,Title keyword filter: 'gemstone'
B0CCRWDWPX,tgh,"natural neon apatite beads with raw bracelet micro faceted gemstones jewelry for her, birthstone energy healing crystals, silver plated chain 8 inch, valentine day gift",other alternative medicine,Title keyword filter: 'jewelry'
B0CCSF9Y4T,amazing gemstone,"howlite mala beads 108 hand knotted prayer beads - meditation beads mala for women men - natural gemstones healing crystal mala for yoga, prayer, meditation japa mala (plain)",other alternative medicine,Title keyword filter: 'gemstone'
B0CCSGVCGS,amazing gemstone,"picture jasper mala beads 108 hand knotted prayer beads - meditation beads mala for women men - natural gemstones healing crystal mala for yoga, prayer, meditation japa mala (hand knotted)",other alternative medicine,Title keyword filter: 'gemstone'
B0CCYLMVDD,abhisubya,abhisubya healing crystal - crystals and healing stones pendant - raw rough gemstone pendant - crystal gifts (peach moonstone),other alternative medicine,Title keyword filter: 'gemstone'
B0CCYM46BM,abhisubya,abhisubya healing crystal - crystals and healing stones pendant - raw rough gemstone pendant - crystal gifts (red jasper),other alternative medicine,Title keyword filter: 'gemstone'
B0CCYM4HKP,abhisubya,abhisubya healing crystal - crystals and healing stones pendant - raw rough gemstone pendant - crystal gifts (moss agate),other alternative medicine,Title keyword filter: 'gemstone'
B0CCYM8V5D,abhisubya,abhisubya healing crystal - crystals and healing stones pendant - raw rough gemstone pendant - crystal gifts (serpentine),other alternative medicine,Title keyword filter: 'gemstone'
B0CCYMR59T,abhisubya,abhisubya healing crystal - crystals and healing stones pendant - raw rough gemstone pendant - crystal gifts (rose quartz),other alternative medicine,Title keyword filter: 'gemstone'
B0CCYMXNCW,abhisubya,abhisubya healing crystal - crystals and healing stones pendant - raw rough gemstone pendant - crystal gifts (green aventurine),other alternative medicine,Title keyword filter: 'gemstone'
B0CG9S469J,jtlb,to buddhist chanting machine dedicated black prayer machine for the single cycle hall of amitabha buddha without battery,other alternative medicine,Title keyword filter: 'machine'
B0CGL72R2S,top plaza,top plaza chakra healing crystal bracelet 8mm stone beads heart charm stretch bracelet handmade energy anxiety natural tiger eye gemstone bracelet jewelry for women christmas gifts,other alternative medicine,Title keyword filter: 'jewelry'
B0CGRV3JPW,crystalmiracle,crystalmiracle vasonite 7 mm beaded round stretch string crystal healing fashion jewelry gift handcrafted accessory,other alternative medicine,Title keyword filter: 'jewelry'
B0CGSKKZQS,o positiv,"flo pms gummies for women - proactive pms relief - targets hormonal acne, bloating, cramps, & mood swings with chasteberry, vitamin b6, & lemon balm - pms gummies (pack of 2)",cbd & hemp extract products,Title keyword filter: 'balm'
B0CGVVXRDB,baby merlin's magic sleepsuit,"baby merlin's magic merlin sleepsuit - microfleece baby transition swaddle - sleep suit for infants 3-6 months - soft cotton, double zipper for easy diaper changes - cream",medicinal sleep aids,Title keyword filter: 'cream'
B0CH8CYFSV,sunnyclue,sunnyclue 2 strands turquoise chips bulk turquoise chip stones gemstone chips bulk healing energy gemstone bead lucky turquoise irregular stone beads for jewelry making garden vase plants home decor,other alternative medicine,Title keyword filter: 'jewelry'
B0CHF9WY5J,nklaus,nklaus natural septaria 30mm spherical shape gemstone energy balance and creativity 14911,other alternative medicine,Title keyword filter: 'gemstone'
B0CHFKNBG5,anaya agate,"anayaagatetigereyeangelstatue,2beautifulgemstoneguardianangel,naturalcrystalangel,hand-carvedangelcharmsforprotection,love,peace,andpositiveenergy,angelfigurinesdãcor",other alternative medicine,Title keyword filter: 'gemstone'
B0CHVLTX58,asingeloo,asingeloo 5-8mm irregular shape natural green strawberry quartz nugget gemstones beads rough gems stones gemstone loose beads for jewelry making 15 a strand,other alternative medicine,Title keyword filter: 'jewelry'
B0CJ8CVZWC,goodstuff,premium st. lucia sea moss gel: nature's ultimate multi-vitamin and skin superfood (16oz),superfoods,Title keyword filter: 'gel'
B0CJCD2JM3,maxhemp,"2 pack organic hemp gummies extra strengthen high potency with pure hemp oil extract, vegan, non-gmo, edible bear candy made in us",cbd & hemp extract products,Title keyword filter: 'candy'
B0CJCP6DD3,my adventure to fit,"keto electrolytes powder no sugar - made in the usa electrolyte mix for women & men - hydrating electrolyte drinks for energy, muscle function, & appetite control (pear candy, 37.5 servings)",electrolyte drink mixes,Title keyword filter: 'candy'
B0CJF3LS7Y,dttra,"biykog motion sickness patches, sea sickness patch for car and boat rides, cruise and airplane trips-for adults and kids (24 count)",motion sickness & nausea,Title keyword filter: 'patch'
B0CJN8Q4FF,hmone,"hmone hemp gummies high potency organic extra strength made with hemp oil vegan edible bear candy, non-gmo, low sugar, made in usa - 2 packs",cbd & hemp extract products,Title keyword filter: 'candy'
B0CJR5K1LX,dttra,"biykog motion sickness patches, sea sickness patch for car and boat rides, cruise and airplane trips-for adults and kids (36 count)",motion sickness & nausea,Title keyword filter: 'patch'
B0CM2RN3Y2,just ripe nutrition,"colonbright psyllium husk powder colon cleanser - colon cleanse for constipation relief, bloating relief & gut health, vegan, gluten free fiber supplement - healthy digestive function 30 servings (1)",other digestive supplements,Title keyword filter: 'cleanser'
B0CMDCYSSL,hunter & gather,"hunter & gather collagen creamer for coffee i creamy cacao i 300g i grass fed type 1 & type 3 bovine collagen peptides i dairy free i 13,000mg per serve i support hair, skin, nails, muscles",collagen supplements,Title keyword filter: 'cream'
B0CN2PVFT5,massive beads,massive beads natural healing power gemstone crystal beads unisex adjustable macrame bracelets,other alternative medicine,Title keyword filter: 'gemstone'
B0CN2SKHG4,astroghar,"honey yellow calcite crystal david star shaped crystal for men and women, small, metal, no gemstone",other alternative medicine,Title keyword filter: 'gemstone'
B0CN9D7JVS,feraco,"feraco magnetic bracelets for women,titanium steel magnetic bracelet with neodymium magnets & sparkling crystals,jewelry gifts",other alternative medicine,Title keyword filter: 'jewelry'
B0CNPZ4BZR,eusice,"blue calcite rough rock, raw natural stone, chakra crystals, quality gemstones for reiki healing, wellness, meditation, handmade in our lapidary workshop (2 pcs)",other alternative medicine,Title keyword filter: 'gemstone'
B0CNR5JB2K,tgh,"tgh natural blue lace agate beads bracelet micro faceted gemstones jewelry for her, december birthstone, gold plated chain 8 inch, valentine day gift",other alternative medicine,Title keyword filter: 'jewelry'
B0CQN6XXMW,drinkolin,"welch's fruit snacks gummies valentines day candy pouches, 45 count",elderberry herbal supplements,Title keyword filter: 'candy'
B0CSG5WKHG,natures craft,digestive triphala capsules organic complex - organic triphala colon cleanser & detox digestive health supplement - ayurvedic complex for gas bloating & constipation relief for women & men (4 months),other digestive supplements,Title keyword filter: 'cleanser'
B0CT1QR282,stardust,"stardust gemstones rose quartz healing crystal jewelry, natural rose quartz jewelry set for women, attract love& joy, anti anxiety stress relief including gift box (rose quartz heart silver)",other alternative medicine,Title keyword filter: 'jewelry'
B0CT8X55CB,gemmartusa loose gemstone,100+caratsgreenonyxmixedgemsnaturalloosegemstones100%naturalloosegemstonesbulkgradea+(naturalinclusions)handcutandpolished40-60piecesgemstonewholesalelotâbygmgemmartusa(go-60001),other alternative medicine,Title keyword filter: 'gemstone'
B0CTCLKV2C,tissting,"fluorite crystal egg, rock crystal gemstone polished mineral rock egg stones, massage jade healing colorful crystal home craft decoration",other alternative medicine,Title keyword filter: 'gemstone'
B0CTKZZ2TG,metjakt,metjakt metjakt handmade original healing crystal 8mm faceted gemstone stretch bracelet with 18k platinum beads and micro pave cz ruby ball for women (amazonite),other alternative medicine,Title keyword filter: 'gemstone'
B0CTTYPBSH,baby merlin's magic sleepsuit,merlin's magic sleepsuit 100% cotton baby transition swaddle - cream 2-pack - 3-6 months,medicinal sleep aids,Title keyword filter: 'cream'
B0CV9WTRSW,karmapledge,"crystalnecklacebirthdaygiftsforwomen&momânaturalrainbowmoonstonehealingcrystalpendantforchakrabalance,goodluck,positivity&meditationâtreeoflifecrystaljewelry",other alternative medicine,Title keyword filter: 'jewelry'
B0CVLJDL3M,smartypants,smartypants women and family multivitamin- 44,multivitamins,Title keyword filter: 'pants'
B0CX1Y2FZZ,anaya agate,"apatite crystal pendulum for necklace with chain - dowsing for divination, meditation, chakra healing and crystal grid - natural gemstone",other alternative medicine,Title keyword filter: 'gemstone'
B0CX1YPD1Y,anaya agate,"selenitecrystalpendulumâchakrapendulumfornecklacewithchainâdowsingpendulumfordivination,meditation,chakrahealingandcrystalgridânaturalgemstonependulum,35-40mm",other alternative medicine,Title keyword filter: 'gemstone'
B0CX1YWDK1,anaya agate,"anayaagateredjaspercrystalpendulumâchakrapendulumfornecklacewithchainâdowsingpendulumfordivination,meditation,chakrahealingandcrystalgridânaturalgemstonependulum",other alternative medicine,Title keyword filter: 'gemstone'
B0CX1Z5S78,anaya agate,"aragonitecrystalpendulumâchakrapendulumfornecklacewithchainâdowsingpendulumfordivination,meditation,chakrahealingandcrystalgridânaturalgemstonependulum",other alternative medicine,Title keyword filter: 'gemstone'
B0CX1Z7RG9,anaya agate,"strawberryquartzcrystalpendulumâchakrapendulumfornecklacewithchainâdowsingpendulumfordivination,meditation,chakrahealingandcrystalgridânaturalgemstonependulum",other alternative medicine,Title keyword filter: 'gemstone'
B0CX1ZZYG1,anaya agate,"anayaagatecrystalpendulumâgemstonependulumwithchainâdowsingpendulumfordivination,meditation,chakrahealingânaturalstonependulumwithreikipointedandjewelrypouch",other alternative medicine,Title keyword filter: 'jewelry'
B0CX217R93,anaya agate,"dendriticopalcrystalpendulumâchakrapendulumfornecklacewithchainâdowsingpendulumfordivination,meditation,chakrahealingandcrystalgridânaturalgemstonependulum",other alternative medicine,Title keyword filter: 'gemstone'
B0CX236JH2,anaya agate,"rubyzoisitecrystalpendulumâchakrapendulumfornecklacewithchainâdowsingpendulumfordivination,meditation,chakrahealingandcrystalgridânaturalgemstonependulum",other alternative medicine,Title keyword filter: 'gemstone'
B0CXJ29R66,ebristar,"tumbled rose quartz stones bulk, 200 gram 1/2 - 1 size handpicked polished natural healing crystals gemstones for jewelry making, decoration, healing stone, reiki, chakra and home decoration",other alternative medicine,Title keyword filter: 'jewelry'
B0CXPFXB9G,patchmd,patchmd - omega-3 plus patch - 30 day supply,omega oils,Title keyword filter: 'patch'
B0CXTKDYDK,danique jewelry,"blue amazonite oval ring, minimalist solitaire gemstone ring, dainty gold stacking ring, healing gemstone ring, gift for crystal lover (amazonite)",other alternative medicine,Title keyword filter: 'gemstone'
B0CY6MLM14,moofin,"moofin kokoro balance creme, natural progesterone cream for women, 2 ounces - includes measuring spoon, menopause support, paraben-free, no phytoestrogens, vegan and peta formulation ~ [pack of 3]",menopause care products,Title keyword filter: 'cream'
B0CY77S7MX,moofin,"moofin face moisturizer, 2.5 oz, soothing aftershave for men with aloe & hemp seed oil, wooden comb, calms irritated skin, non-greasy formula, dermatologist tested [pack of 2]",cbd & hemp extract products,Title keyword filter: 'moisturizer'
B0CYLSVZNZ,pyor,"black tourmaline - 1lb healing crystals, tourmaline, crystal set, feng shui decor, reiki, wiccan supplies and tools, gemstones for crafts, precious gemstones, spiritual stones, tourmaline crystal",other alternative medicine,Title keyword filter: 'gemstone'
B0CYLV2QK7,pyor,"bloodstone - 1lb tumbled crystals, stones and crystals, healing crystals and stones, crystal gifts, feng shui decor, money gemstones bulk",other alternative medicine,Title keyword filter: 'gemstone'
B0CYLVFLS1,pyor,"pyor bloodstone - 1/2lb tumbled crystals, stones and crystals, feng shui decor, crystal gifts, healing crystals and stones, money gemstones bulk",other alternative medicine,Title keyword filter: 'gemstone'
B0CYLVJ3MJ,pyor,"rose quartz - 1lb tumbled polished stones, rose quartz crystals, gemstones and crystals, crystals bulk, reiki supplies, stones for crafts, crystal gifts, bulk crystals, meditation for beginners",other alternative medicine,Title keyword filter: 'gemstone'
B0CYLVYD8K,pyor,"rose quartz - 1/2lb tumbled polished stones, rose quartz crystals, gemstones and crystals, stones for crafts, crystal gifts, bulk crystals, crystals bulk, reiki supplies, meditation for beginners",other alternative medicine,Title keyword filter: 'gemstone'
B0CYLW46B4,pyor,"pyor clear quartz crystal - 1/2lb tumbled stones, crystals for crafts, energy healing, loose gemstones, bulk tumbled crystals and stones, wiccan supplies and tools",other alternative medicine,Title keyword filter: 'gemstone'
B0CYLXG6BJ,pyor,"pyor labradorite - 1/2lb gemstones tumble bulk, healing stones, stones for crafts, polished stones, feng shui decor, reiki supplies, rock collection",other alternative medicine,Title keyword filter: 'gemstone'
B0CYLXL8LJ,pyor,"howlite - 1/2lb tumbler stones, bulk crystals, crystal sets for healing, tumble gemstone, polished rocks, pack of crystals rocks, healing gifts, crystal set",other alternative medicine,Title keyword filter: 'gemstone'
B0CYLY488F,pyor,"pyor citrine crystal - 1/2lb tumble gemstones and crystals, crystals decor, citrine stone, thoughtful gifts, crystals decor, citrine stone, energy healing, meditation tools",other alternative medicine,Title keyword filter: 'gemstone'
B0CYLZ8CDB,pyor,"yellow aventurine - 1/2lb crystals bulk, meditation crystals and healing stones, reiki gifts, crystals for crafts, feng shui decor, gemstones, yellow aventurine tumble stone, wiccan supplies and tools",other alternative medicine,Title keyword filter: 'gemstone'
B0CYY1JNWZ,trueseamoss,"trueseamoss wildcrafted irish sea moss gel - made with dried seaweed - seamoss, vegan-friendly, antioxidant supports thyroid & digestion - made in usa (apple/cinnamon, pack of 3)",other digestive supplements,Title keyword filter: 'gel'
B0CYY23SPK,trueseamoss,"trueseamoss wildcrafted irish sea moss gel - made with dried seaweed & fresh sea vegetables, seamoss - made in usa (strawberry, pack of 2)",other digestive supplements,Title keyword filter: 'gel'
B0CYY29Y7W,trueseamoss,"trueseamoss wildcrafted irish sea moss gel - made with dried seaweed & fresh sea vegetables, seamoss, antioxidant supports digestion - made in usa (blue spirulina, pack of 2)",other digestive supplements,Title keyword filter: 'gel'
B0CYY2GZ3M,trueseamoss,"trueseamoss wildcrafted irish sea moss gel & gummies - made with dried seaweed & fresh sea vegetables, seamoss - made in usa (blue spirulina, pack of 3)",other digestive supplements,Title keyword filter: 'gel'
B0CYY2QCY2,trueseamoss,"trueseamoss wildcrafted irish sea moss gel - made with dried seaweed & fresh sea vegetables, seamoss - made in usa (apple, pack of 2)",other digestive supplements,Title keyword filter: 'gel'
B0CYY32L8T,trueseamoss,"trueseamoss wildcrafted irish sea moss gel - made with dried seaweed & fresh sea vegetables, seamoss - made in usa (banana, pack of 2)",other digestive supplements,Title keyword filter: 'gel'
B0CZDRXD2W,mythotecq,"mythotecq 1500 mg detox and liver cleanse, full body cleanser detox 60 caps",weight loss detox & cleanse,Title keyword filter: 'cleanser'
B0D1VVRVXF,trueseamoss,trueseamoss wildcrafted irish sea moss gel mango and elderberry bundle - made with dried seaweed - seamoss (pack of 2),other digestive supplements,Title keyword filter: 'gel'
B0D1VXBRTW,trueseamoss,trueseamoss wildcrafted irish sea moss gel mango and strawberry bundle - made with dried seaweed - seamoss (pack of 2),other digestive supplements,Title keyword filter: 'gel'
B0D1VXQXNM,trueseamoss,"trueseamoss wildcrafted irish sea moss gel - made with dried seaweed - seamoss, vegan-friendly, antioxidant supports thyroid & digestion - made in usa (pineapple, pack of 5)",other digestive supplements,Title keyword filter: 'gel'
B0D1VYBLV3,trueseamoss,trueseamoss wildcrafted irish sea moss gel - elderberry and pineapple bundle - made with dried seaweed - seamoss (pack of 2),other digestive supplements,Title keyword filter: 'gel'
B0D1VYW4D2,trueseamoss,trueseamoss wildcrafted irish sea moss gel - strawberry and elderberry bundle - made with dried seaweed - seamoss (pack of 2),other digestive supplements,Title keyword filter: 'gel'
B0D1YHVGQ5,yaco,"nutrinexsleepaidpatchforadultsnaturalsleepsupport,easy-to-usepatches,promotesrestfulsleepformenandwomen,2boxes,black",medicinal sleep aids,Title keyword filter: 'patch'
B0D24VT88X,ad beads,"ad beads handmade gemstone stretch elastic bracelet crystal healing reiki nature's beauty and spiritual essence unisex (10mm, indian agate)",other alternative medicine,Title keyword filter: 'gemstone'
B0D2DDK4GS,trueseamoss,"trueseamoss wildcrafted irish sea moss gel & gummies - made with dried seaweed - seamoss, vegan-friendly, antioxidant - made in usa (original, pack of 3)",other digestive supplements,Title keyword filter: 'gel'
B0D2PMX82C,nordic naturals,"nordic naturals ultimate omega-d3, lemon flavor - 60 soft gels - 1280 mg omega-3 + 1000 iu vitamin d3 - epa & dha - promotes brain, heart, & immune health - 30 servings",omega oils,Title keyword filter: 'gel'
B0D41JNBBF,tgh,"natural raw rough gemstone, healing chakra stones, wholesale bulk, birthstone, energy diy craft stone, raw crystals, loose gemstone wire wrapping, jewelry making supply 50 carat lot (blue sapphire)",other alternative medicine,Title keyword filter: 'jewelry'
B0D41JTMGZ,tgh,"natural raw blue sapphire rough gemstone, healing chakra stones, wholesale bulk, birthstone, energy diy craft stone, loose gemstone wire wrapping, jewelry making 100 carat lot (blue sapphire)",other alternative medicine,Title keyword filter: 'jewelry'
B0D5BMJY3N,sunnyclue,sunnyclue 1 box 150pcs blue howlite turquoise beads turquoise bead animal butterfly shaped synthetic healing energy gemstone loose bead strands for jewelry making bracelet earrings diy craft women,other alternative medicine,Title keyword filter: 'jewelry'
B0D5CBP8C2,dlaekua,dlaekua autism mom gifts autism awareness bracelet for women autism awareness gift for mom autism jewelry mom christmas birthday gifts from daughter mom autistic gifts inspirational gifts for mom,other alternative medicine,Title keyword filter: 'jewelry'
B0D648LNZV,irwin naturals,"irwin naturals collagen peptides + astaxanthin, type i, ii & iii, 60 liquid soft-gels",collagen supplements,Title keyword filter: 'gel'
B0D6GMXJKK,tgh,"natural amazonite chips crystal earring, yoga jewelry, meditation crystals earring, raw gemstone, energy healing crystals, birthday, gift for her, gemstone jewelry, mother's day gifts (amazonite)",other alternative medicine,Title keyword filter: 'jewelry'
B0D73VFXXL,tgh,"natural aquamarine oval cabochon necklace, gift for her, birthstone jewelry, 18 inch gold plated adjustable chain, valentine day gift (aquamarine)",other alternative medicine,Title keyword filter: 'jewelry'
B0D792NV3N,tgh,"natural amazonite gemstone round beads bolo bracelet, chakra healing crystals, 14k gold plated, adjustable slider, birthday, wedding, handmade, 6-9 inch, valentine day gift (amazonite)",other alternative medicine,Title keyword filter: 'gemstone'
B0D795GVW5,tgh,"natural citrine gemstone round beads bolo bracelet, chakra healing crystals, 14k gold plated, adjustable slider, birthday, wedding, handmade, 6-9 inch, valentine day gift (citrine)",other alternative medicine,Title keyword filter: 'gemstone'
B0D795QNV1,tgh,"natural clear quartz gemstone round beads bolo bracelet, chakra healing, 14k gold plated, adjustable slider, birthday, wedding, handmade, 6-9 inch, valentine day gift (clear quartz)",other alternative medicine,Title keyword filter: 'gemstone'
B0D8BQKBYC,yatskia,"black tourmaline gemstone tree with rough stones, crystals and healing stones, home decor, tourmaline stones, raw reiki stones and crystal, meditation decor, crystal tree, spiritual gift for women",other alternative medicine,Title keyword filter: 'gemstone'
B0D8FQ8G74,tgh,"natural peach amazonite pear cabochon necklace, gemstone healing crystals, gift for her, birthstone, 18 inch gold plated adjustable chain, valentine day gift (peach amazonite)",other alternative medicine,Title keyword filter: 'gemstone'
B0D8HYHK7M,tgh,"natural pink scolecite oval cabochon necklace, gemstone healing crystals, gift for her, birthstone, 18 inch gold plated adjustable chain, valentine day gift (pink scolecite)",other alternative medicine,Title keyword filter: 'gemstone'
B0D8HYS83Y,tgh,"natural montana moss agate oval cabochon necklace, gemstone healing crystals, gift for her, birthstone, 18 inch gold plated adjustable chain, valentine day gift (montana moss agate)",other alternative medicine,Title keyword filter: 'gemstone'
B0D8PYT82P,trueseamoss,"trueseamoss wildcrafted irish sea moss gel - made with dried seaweed - seamoss, vegan-friendly, antioxidant supports digestion - made in usa (original, pack of 2)",other digestive supplements,Title keyword filter: 'gel'
B0D8VWHP7C,amoystone,amoystone 2 stone puppy animals sculpture natural purple fluorite crystal small dog figurines handmade carved gemstone purple crystal puppy statue ornaments home decorations,other alternative medicine,Title keyword filter: 'gemstone'
B0D953XNFF,votum,"votum gummy bear mini backpack with stationery set - includes mini notebook, gel pen, eraser, stickers - gift for tweens ages 8+ - portable, cute, and fun party favor",elderberry herbal supplements,Title keyword filter: 'gel'
B0D9CHMG2T,bicbugs,bicbugs orca agate polished free form black white crytocrystalline quartz gemstone mineral rock madagascar,other alternative medicine,Title keyword filter: 'gemstone'
B0D9J56S2J,tgh,"tgh natural clear quartz beads bracelet micro faceted 3-3.5 beads gemstones jewelry for her, birthstone, gold plated chain 8 inch, valentine day gift (clear quartz)",other alternative medicine,Title keyword filter: 'jewelry'
B0D9JNVM4M,tgh,"tgh natural black spaniel beads bracelet micro faceted 3-3.5 beads gemstones jewelry for her, birthstone, gold plated chain 8 inch, valentine day gift (black spaniel)",other alternative medicine,Title keyword filter: 'jewelry'
B0D9JNVZPG,tgh,"tgh natural multi tourmaline beads bracelet micro faceted 3-3.5 beads gemstones jewelry for her, birthstone, gold plated chain 8 inch, valentine day gift (multi tourmaline)",other alternative medicine,Title keyword filter: 'jewelry'
B0D9JQ86GP,tgh,"tgh natural red garnet beads bracelet micro faceted 3-3.5 beads gemstones jewelry for her, birthstone, gold plated chain 8 inch, valentine day gift (red garnet)",other alternative medicine,Title keyword filter: 'jewelry'
B0D9JQ8GCG,tgh,"natural lapis lazuli gemstone round beads bolo bracelet, chakra healing crystals, 14k gold plated, adjustable slider, birthday, wedding, handmade, 6-9 inch, valentine day gift (lapis lazuli)",other alternative medicine,Title keyword filter: 'gemstone'
B0D9JR5BJ3,tgh,"natural red garnet gemstone round beads bolo bracelet, chakra healing crystals, 14k gold plated, adjustable slider, birthday, wedding, handmade, 6-9 inch, valentine day gift (red garnet)",other alternative medicine,Title keyword filter: 'gemstone'
B0D9L8R9JM,colorful bling,colorful bling natural healing stone crystal butterfly choker necklace for women jewelry gifts spiritual anxiety reik meditation relax bohemian dainty elegant vacation-brown,other alternative medicine,Title keyword filter: 'jewelry'
B0D9VZYC29,bb beadthoven,beadthoven 4pcs natural rose quartz healing crystals stone pendants 2 styles natural gemstone charms chakra reiki crystal dangle charms for jewelry making necklace earrings diy crafts supplies,other alternative medicine,Title keyword filter: 'jewelry'
B0DC358K86,anaya agate,"amethyst/clearquartz/rosequartzpendulumpackof3âorgonecrystalpendulumâdowsingpendulumfordivination,meditation,chakrahealingânaturalgemstonependulum",other alternative medicine,Title keyword filter: 'gemstone'
B0DC3BCXZL,anaya agate,"lapislazulipendulumâorgonecrystalpendulumâdowsingpendulumfordivination,meditation,chakrahealingânaturalgemstonependulum",other alternative medicine,Title keyword filter: 'gemstone'
B0DC3H1RS8,anaya agate,"tripleprotectionpendulumâorgonecrystalpendulumâblackobsidian,tigereye,hematiteâdowsingpendulumfordivination,meditation,chakrahealingânaturalgemstonependulum",other alternative medicine,Title keyword filter: 'gemstone'
B0DC3PKVG2,anaya agate,"clearquartz/rosequartz/amethyst(layered)pendulumâorgonecrystalpendulumâdowsingpendulumfordivination,meditation,chakrahealingânaturalgemstonependulum",other alternative medicine,Title keyword filter: 'gemstone'
B0DC6D94W4,kino,65mm natural dragon blood stone sphere with wood stand healing crystal ball mineral gemstone divination energy chakra sculpture figurine for fengshui,other alternative medicine,Title keyword filter: 'gemstone'
B0DCSB8DM3,anaya agate,"apatitependulumâorgonecrystalpendulumâdowsingpendulumfordivination,meditation,chakrahealingânaturalgemstonependulum",other alternative medicine,Title keyword filter: 'gemstone'
B0DDYW1YBT,trueseamoss,"trueseamoss wildcrafted irish sea moss gel - made with dried seaweed & fresh sea vegetables, seamoss, antioxidant supports digestion - made in usa (mango/pineapple, pack of 5)",superfoods,Title keyword filter: 'gel'
B0DFM8J7QQ,nodfens,"nodfens natural hemp cream for back, knees, neck, fingers, muscle relaxer with original plant extracts - mineral oil, glycerin, isopropyl myristate, oenothera for more soothing",cbd & hemp extract products,Title keyword filter: 'cream'
B0DGN53LCJ,whole foods market,"365 by whole foods market vanilla collagen creamer, 10.5 oz",collagen supplements,Title keyword filter: 'cream'
B0DH9RR9N1,absonutrix,"absonutrix marshmallow with lemon balm 390 mg, 4 oz liquid, 302 servings, made in usa, quick absorption, quality potent ingredients, non-gmo, gmp certified, cruelty-free products",other herbal supplements,Title keyword filter: 'balm'
B0DHHKCQPG,the beauty chef,"the beauty chef glow f.a.c.e, bio-fermented hydrating facial serum for radiant, youthful skin, antioxidants, vitamin c, and bio-actives to protect, nourish, promotes firmness, 1.01 fl. oz / 30ml","hair, skin & nails supplements",Title keyword filter: 'serum'
B0DHS2RJBJ,arvesa,"natural hemp gel for back, joint, neck & elbow  hemp oil extract with arnica & turmeric  made in usa",cbd & hemp extract products,Title keyword filter: 'gel'
B0DJGVNTXW,tgh,"tgh natural gemstone faceted beads handmade beaded necklace, energy healing stones, birthstone jewlry, crystals women fashion jewelry for her, mother's day gifts",other alternative medicine,Title keyword filter: 'jewelry'
B0DJLT88TP,tgh,"tgh natural labradorite chips bar necklace, energy healing crystals, uncut nuggets, gift for her, gemstone jewelry 18 inch adjustable chain,black plated valentine day gift",other alternative medicine,Title keyword filter: 'jewelry'
B0DK9Q1SLX,herbamama,"herbamama herbal liquid drops kit - bundle of lemon balm 4 fl oz & cat's claw tincture 2 fl oz - vegan, non-gmo, sugar & alcohol-free - 2 pack",other herbal supplements,Title keyword filter: 'balm'
B0DKB194JX,amazing muscle,"amazing muscle hydro punch powder  hydration + electrolyte blend  contains vitamin b, c, betaine anhydrous & more  30 servings (30 servings, grape candy)",electrolyte drink mixes,Title keyword filter: 'candy'
B0DLGJR9YF,crystaltears,crystaltears24pcscrystalsheartstonesbulkwithgiftscardspockethugtokengiftsnaturalloveheartshapehealingcrystalgemstonesinspirationalgiftsforwomenfriendsfamiliesvalentineâsday,other alternative medicine,Title keyword filter: 'gemstone'
B0DLP4LLDS,manitoba harvest,"organic hemp+ mood, ashwagandha & lemon balm, smoothie booster powder blend, 7.5 oz",plant powders,Title keyword filter: 'balm'
B0DMF599Q4,jovivi,jovivi cat gifts necklace natural amethyst rose quartz healing crystal stones pendant necklaces for women men gemstone mini cute animal cat jewelry gifts,other alternative medicine,Title keyword filter: 'jewelry'
B0DMF61YB3,jovivi,jovivi cat gifts necklace natural tiger eye healing crystal stones pendant necklaces for women men gemstone mini cute animal lucky cat lovers jewelry,other alternative medicine,Title keyword filter: 'jewelry'
B0DMF939Z9,jovivi,jovivi cat gifts necklace natural amethyst rose quartz healing crystal stones pendant necklaces for women men gemstone mini cute animal cat jewelry gifts,other alternative medicine,Title keyword filter: 'jewelry'
B0DMFBXCDX,jovivi,jovivi cat gifts necklace natural amethyst rose quartz healing crystal stones pendant necklaces for women men gemstone mini cute animal cat jewelry gifts,other alternative medicine,Title keyword filter: 'jewelry'
B0DMFC26BM,jovivi,jovivi cat gifts necklace natural amethyst rose quartz healing crystal stones pendant necklaces for women men gemstone mini cute animal cat jewelry gifts,other alternative medicine,Title keyword filter: 'jewelry'
B0DMSYMHVV,top plaza,top plaza amethyst healing crystal necklace for women natural gemstone teardrop pendant necklace stainless steel chain necklace stress relief yoga jewelry christmas gifts - silver,other alternative medicine,Title keyword filter: 'jewelry'
B0DMSYT7H3,top plaza,top plaza amethyst healing crystal necklace for women natural gemstone teardrop pendant necklace stainless steel chain necklace stress relief yoga jewelry christmas gifts,other alternative medicine,Title keyword filter: 'jewelry'
B0DN3RDLJH,evogen,"evogen isoject - whey protein isolate  ultra-pure whey protein powder with ignitor enzymes, bcaas, and eaas  enhanced absorption & recovery  salted peanut butter candy  25 servings",protein powder blends,Title keyword filter: 'candy'
B0DN5X5BDQ,kayra,"natural blue obsidian rough gemstone  825 carats uncut raw crystal from mexico  aaa grade  perfect for diy jewelry, rings, pendants  metaphysical healing stone",other alternative medicine,Title keyword filter: 'jewelry'
B0DNF6TR69,jovivi,jovivi amethyst crystal necklace for women men teardrop natural healing crystals stone pendant necklace february birthstone gemstone jewelry,other alternative medicine,Title keyword filter: 'jewelry'
B0DNNLRDGS,vmi sports,k-xr pre-workout energy powder  intense energy pre-workout drink for men and women creatine free  improves performance - enhanced focus & increased endurance  30 servings (sour candy),pre-workout powders,Title keyword filter: 'candy'
B0DPB8TWF7,smartypants,"smartypants kids multivitamin gummies - improved formula: omega 3 (dha/epa), vitamins d3, c, b12, b6, vitamin a, k & zinc, gluten free, three fruit flavors, 80 count (40 day supply)",multivitamins,Title keyword filter: 'pants'
B0DPGBRJNL,yogamedic,"yogamedic sniff duo pro nasal stick 100% natural, double barrel, powered by lavender & mint, breathe freely nasal inhaler - stress relief, aromatherapy, calming nose sniffer with essential oils",sinus medicine,Title keyword filter: 'essential oil'
B0DPHVLWXT,todu,todu butterfly bracelet healing crystal bracelet stress relief anxiety yoga balancing lucky jewelry for women new beginning spiritual card gift card,other alternative medicine,Title keyword filter: 'jewelry'
B0DPLYKTR4,amoystone,"amoystone large crystal tower natural obsidian healing crystal wand balck stone hexagonal point obelisk irregular 3-3.5 lbs, spiritual meditation, reiki chakra gemstone home decor",other alternative medicine,Title keyword filter: 'gemstone'
B0DPWNSDVF,pesoenth,"pesoenth rose quartz crystal heart stone crystal gifts for women,pink heart shaped gemstone reiki palm worry stone meditation love romantic gifts for her birthday anniversary",other alternative medicine,Title keyword filter: 'gemstone'
B0DPXP9L24,ronfnea,nasalirrigationsystemwith30salinepacketsâdualspeedandautowastecollectionâportableandtravel-friendlynasalirrigatorânasalcleanerforsinusreliefnasalrinsemachinepurple,sinus medicine,Title keyword filter: 'machine'
B0DQ2QHZD6,anumed international,"anumed international anu-dhea - all natural bioidentical dhea 20mg cream (dehydroepiandrosterone) with hyaluronic acid, vitamin b6, essential oils and herbs. 3.4oz",dhea supplements,Title keyword filter: 'essential oil'
B0DQ8D6Z9K,jic gem,jic gem amazonite crystal ball sphere with wood stand blue gemstone sphere healing crystal balls for reiki chakra decoration fengshui (90-100mm),other alternative medicine,Title keyword filter: 'gemstone'
B0DQDCPTQN,terramed just think comfort,"hydrogyn vulva balm  vaginal moisturizer & menopause support  relieves feminine dryness, itching & irritation  hormone-free vaginal moisturizer for women  ph balanced daily intimate skin care",intimate moisturizers,Title keyword filter: 'moisturizer'
B0DQL2N11V,hionfurt,"hionfurt 48ct motion sickness patches, lemon",motion sickness & nausea,Title keyword filter: 'patch'
B0DQL3DHQX,hionfurt,"hionfurt 32ct motion sickness patches, lemon",motion sickness & nausea,Title keyword filter: 'patch'
B0DQL3LQ9C,hionfurt,"hionfurt 64ct motion sickness patches, lemon",motion sickness & nausea,Title keyword filter: 'patch'
B0DQL469LX,hionfurt,"hionfurt 16ct motion sickness patches, lemon",motion sickness & nausea,Title keyword filter: 'patch'
B0DQL54JMG,hionfurt,"hionfurt 80ct motion sickness patches, lemon",motion sickness & nausea,Title keyword filter: 'patch'
B0DQPXWXKS,gangesindia,"gangesindia citrine crystal tree - handmade healing gemstone - decorative tree of life for wealth & prosperity, good luck, positive energy, aura cleansing, home decor",other alternative medicine,Title keyword filter: 'gemstone'
B0DQPZGJD5,gangesindia,"green aventurine gemstone money tree, healing crystal decorative for home and office, desk decoration, tree of life positive energy stones , spiritual decor, chakra stones for wealth & luck",other alternative medicine,Title keyword filter: 'gemstone'
B0DRVFT9TC,amoystone,"amoystone natural crystal stone tower moss agate gemstone slab obelisk 0.8-1.3 lbs, healing reiki chakra meditation therapy crystal grid",other alternative medicine,Title keyword filter: 'gemstone'
B0DS1SQ9QR,weleda,"wild yam cream, organic wild yam cream for women menopause support, enriched wild yam for hormone balancing & natural ingredients, suitable for all skin types, 4.23oz",menopause care products,Title keyword filter: 'cream'
B0DSBF93VJ,bb beadthoven,beadthoven 12pcs natural tiger eye stone pendants cross heart teardrop moon star healing crystal chakra reiki gemstone charms natural & synthetic stone charms for jewelry making diy necklace earrings,other alternative medicine,Title keyword filter: 'jewelry'
B0DSFCLXJX,jovivi,jovivi thumb worry stones for anxiety natural black obsidian heart gemstone pocket stones hand carved healing crystals reiki palm stone for women meditation gifts,other alternative medicine,Title keyword filter: 'gemstone'
B0DSFDSNYF,jovivi,jovivi thumb worry stones for anxiety natural green aventurine heart gemstone pocket stones hand carved healing crystals reiki palm stone for women meditation gifts,other alternative medicine,Title keyword filter: 'gemstone'
B0DSFFPG7T,jovivi,jovivi 2pcs thumb worry stones for anxiety natural amethyst black obsidian heart gemstone pocket stones hand carved healing crystals reiki palm stone for women meditation gifts,other alternative medicine,Title keyword filter: 'gemstone'
B0DSJ8ZR2F,qinjiejie,qinjiejie amethyst 20 pcs healing crystals stones sets wands bulk natural pocket purple crystal towers assorted pointed reiki gemstones polished energy meditation chakra gifts for women men,other alternative medicine,Title keyword filter: 'gemstone'
B0DSJ93SML,qinjiejie,qinjiejie black obsidian 20 pcs healing crystals stones sets wands bulk natural pocket crystal towers assorted pointed reiki gemstones polished energy meditation chakra gifts for women men,other alternative medicine,Title keyword filter: 'gemstone'
B0DSJ9BKK4,qinjiejie,qinjiejie rose quartz 20 pcs healing crystals stones sets wands bulk natural pocket crystal towers assorted pointed reiki gemstones polished energy meditation chakra gifts for women men,other alternative medicine,Title keyword filter: 'gemstone'
B0DSJ9MRQX,qinjiejie,qinjiejie opal 20 pcs healing crystals stones sets wands bulk natural pocket crystal towers assorted pointed reiki gemstones polished energy meditation chakra gifts for women men,other alternative medicine,Title keyword filter: 'gemstone'
B0DSJ9YBV8,qinjiejie,qinjiejie lapis lazuli 20 pcs healing crystals stones sets wands bulk natural pocket crystal towers assorted pointed reiki gemstones polished energy meditation chakra gifts for women men,other alternative medicine,Title keyword filter: 'gemstone'
B0DSJB8M53,qinjiejie,qinjiejie green aventurine 20 pcs healing crystals stones sets wands bulk natural pocket crystal towers assorted pointed reiki gemstones polished energy meditation chakra gifts for women men,other alternative medicine,Title keyword filter: 'gemstone'
B0DSJC5RJC,qinjiejie,qinjiejie clear quartz 20 pcs healing crystals stones sets wands bulk natural pocket crystal towers assorted pointed reiki gemstones polished energy meditation chakra gifts for women men,other alternative medicine,Title keyword filter: 'gemstone'
B0DSW1PSWJ,vitafor,"42-packnaturalsleeppatchesforadultsâaromatherapystickerswithlavender&valeriannon-sticky,residue-freeformulapromotesrelaxationforbettersleep,hypoallergenic&plant-based",medicinal sleep aids,Title keyword filter: 'patch'
B0DSZGSDLG,vitafor,"sleep patches for adults, 42 pieces  100% plant-based ingredients, quick-acting & long-lasting  skin-friendly, easy-to-use for men & women, promotes peaceful night rest",medicinal sleep aids,Title keyword filter: 'patch'
B0DT4LR91M,doodle hog,"doodle hog magnesium lotion for kids, with calendula, aloe vera and chamomile, magnesium lotion for sleep, made in usa kids, roll-on application, 3 fl oz",magnesium supplements,Title keyword filter: 'lotion'
B0DT4P1GPZ,doodle hog,"doodle hog magnesium cream for kids lavender scent - soothing relief & relaxation with calendula, aloe vera, shea butter - topical magnesium cream for sleep - usa made - (4 oz, lavender)",magnesium supplements,Title keyword filter: 'cream'
B0DT9QNT3G,curecure,"pregnancy nausea relief, nausea relief for pregnant women, 60 pcs natural fast-acting morning sickness relief patches",motion sickness & nausea,Title keyword filter: 'patch'
B0DT9V2NX9,qinjiejie,qinjiejie dragon blood 20 pcs healing crystals stones sets wands bulk natural pocket crystal towers assorted pointed reiki gemstones polished energy meditation chakra gifts for women men,other alternative medicine,Title keyword filter: 'gemstone'
B0DTG3TM4N,easydew,"easydew dw-egf mela glutathione cream for radiant skin and restores sun damaged skin with glutathione - evens skin tone, moisture glow skin, 3.55 oz.",antioxidants,Title keyword filter: 'cream'
B0DTHS355R,comnico,"2 pcs thumb worry stone for anxiety, natural heart gemstone healing crystals sets hand carved amethyst gemstones relax palm stone for anxiety relief home decor",other alternative medicine,Title keyword filter: 'gemstone'
B0DVJ6TJ31,vagisil,"vagisil menopause support probiotic lube + libido, vaginal moisturizer with hyaluronate, ashwagandha and watermelon extract, ph balanced for mature microbiome, hormone-free, 1.76 oz",menopause care products,Title keyword filter: 'moisturizer'
B0DVT9LYJH,trueseamoss,"irish sea moss drops - 5x stronger than sea moss gel - 92+ essentials minerals - with bladderwrack, burdock root & black cumin - 2 fl oz (60ml) - apple flavor",other digestive supplements,Title keyword filter: 'gel'
B0DWFMD8GP,top plaza,top plaza 7 chakra crystal necklace for women tiny natural gemstone beads necklace 14k gold plated healing stone necklace yoga meditation jewelry birthday gifts,other alternative medicine,Title keyword filter: 'jewelry'
B0DWGFKXVH,nordic naturals,nordic naturals ultimate omega plant based vitamin with vitamin d3+k2-60 vegetarian soft gels - 1210 mg omega-3s plus 2000 iu d3 and 90 mcg k2 - promotes brain health - non gmo - 30 servings,omega oils,Title keyword filter: 'gel'
B0DWMR9GW5,tumbeelluwa,"tumbeelluwa orange moonstone crystal ball with stand for fortune teller witchcraft divination, decorative gemstone sphere for home decor, 61-70 mm",other alternative medicine,Title keyword filter: 'gemstone'
B0DWMS4DR3,tumbeelluwa,"tumbeelluwa orange moonstone crystal ball with stand for fortune teller witchcraft divination, decorative gemstone sphere for home decor, 41-50 mm",other alternative medicine,Title keyword filter: 'gemstone'
B0DWSMJGFN,justinstones,white jade natural gemstone quartz 50mm egg shaped crystal healing chakra energy balancing meditation home office decor stone with stone stand,other alternative medicine,Title keyword filter: 'gemstone'
B0DWWV39MY,cell fusion c,"cell fusion c toning c vita shot ampoule, 15% vitamin c + spicule 300 shot, skin booster serum for face, exfoliation & dark spots, 20g / 0.7 oz.",energy shots,Title keyword filter: 'serum'
B0DWXLV478,curecure,"pregnancy nausea relief, nausea relief for pregnant women, 60 pcs natural fast-acting morning sickness relief patches",motion sickness & nausea,Title keyword filter: 'patch'
B0DX24G5M4,grospe,"wild yam cream for hormone balance, enriched wild yam cream nourishing and moisturizing hormone support yam cream for women menopause balancing organic wild yam cream 4 oz",menopause care products,Title keyword filter: 'cream'
B0DXKTMD2H,infuseu,infuseu lapis lazuli tree of life necklace for women royal navy blue jewelry healing stone crystal pendant protection ball positive energy rock holder cage spiritual gifts,other alternative medicine,Title keyword filter: 'jewelry'
B0DXKVLRQM,infuseu,infuseu tree of life necklace for women black obsidian protection crystal jewelry healing stone ball pendant positive energy mood rock holder cage spiritual gifts,other alternative medicine,Title keyword filter: 'jewelry'
B0DXKYRCMC,infuseu,infuseu tree of life necklace malachite jewelry for women healing stone bead protection green crystal pendant positive energy mood rock holder cage spiritual gifts,other alternative medicine,Title keyword filter: 'jewelry'
B0DXPQPSRS,evatage,"15sets mini natural crystals and healing stones bulk, 0.8 small polished heart shaped rocks gemstones with meaning cards for chakra reiki healing spiritual gifts valentines favors for loved ones",other alternative medicine,Title keyword filter: 'gemstone'
B0DXVFXHX9,qinjiejie,qinjiejie amethyst crystals raw stones natural rough gemstones rocks bulk large 0.8-1.2 gems reiki light purple fountain rock for tumbling cabbing polishing wire wrapping wicca decoration 0.9 lbs,other alternative medicine,Title keyword filter: 'gemstone'
B0DXVG92N1,qinjiejie,qinjiejie dragon bloodstone crystals raw stones natural rough gemstones rocks bulk large 0.8-1.2 gems reiki decorative fountain rock for tumbling cabbing polishing wire wrapping wicca 0.9 lbs,other alternative medicine,Title keyword filter: 'gemstone'
B0DY21W4JB,5kind clinical skincare,"5kind melatonin sleep patches for adults - pack of 30-7mg high strength melatonin, 5htp & lavender in every patch - melatonin patches - natural sleep patches - made in uk",medicinal sleep aids,Title keyword filter: 'patch'
B0DY769XQN,jnx sports,"jnxsportsthecurse!pumpâstim-freepre-workoutsourcandy40servescaffeine-freepumppreworkout,non-stimnitricoxidepreworkoutformen&women",pre-workout powders,Title keyword filter: 'candy'
B0DYJG9PC1,jovivi,jovivi 7 chakra necklace for women - 4mm natural round gemstone healing crystals stone beads pendant necklaces mothers day gifts jewelry,other alternative medicine,Title keyword filter: 'jewelry'
B0DYKWXKXZ,pavia,"pavia  probiotics for digestive health  fresh probiotics for women, men & kids  gel  flavor variatoins (30 sachets, om3)",probiotics,Title keyword filter: 'gel'
B0DYL6B1HZ,pavia,"pavia  probiotics for digestive health  fresh probiotics for women, men & kids  gel  flavor variatoins (30 sachets, a+c)",probiotics,Title keyword filter: 'gel'
B0DYP5HBJP,ona,"onasalinenosewipesforadultsâhypoallergenicnasalcareforcongestion,allergies,anddrynosesânaturalsaline,aloe,vitamine,chamomileâfragrancefree,20ctpackof3",moisturizing sprays,Title keyword filter: 'wipe'
B0DYQ85CNG,pavia,"pavia  probiotics for digestive health  fresh probiotics for women, men & kids  gel  flavor variatoins (30 sachets, cdp)",probiotics,Title keyword filter: 'gel'
B0DYT16WDF,ditind,"ditind10pcsrosequartzhearthealingcrystalsânaturalhandcraftedgemstonesforlove,energybalancing&meditation,crystalsandhealingstonesforspiritualgrowth&relaxation.",other alternative medicine,Title keyword filter: 'gemstone'
B0DYT48MZZ,ditind,"ditind15pcsmixedcolorhearthealingcrystalsâhandcraftedgemstonesformeditation,chakrabalancing,energyhealing&witchcraft,crystalsandhealingstonesforpositivevibes",other alternative medicine,Title keyword filter: 'gemstone'
B0DYT8FH9X,ditind,"20pcsrosequartzhearthealingcrystalsâhandcraftedgemstonesforlove,harmony,energycleansing&meditation,crystalsandhealingstonesforemotionalwellness",other alternative medicine,Title keyword filter: 'gemstone'
B0DYV19DVV,ohaleep,"ohaleep sleep patch portable and comfortable, sleep patches for adults extra strength wake up refreshed, 12 patches",medicinal sleep aids,Title keyword filter: 'patch'
B0DZ62LSCK,emeterm,emeterm explore fda-cleared anti-nausea wristband ip67 waterproof morning motion travel sickness relief classic strap design fsa/hsa eligible (galaxy black-extra 2pack conductive gel),motion sickness & nausea,Title keyword filter: 'gel'
B0DZ6GTG84,atlodas,"wild yam cream for hormone balance, organic wild yam root cream for all skin types, pms & menopause relief, hot flashes & night sweats, natural formula",menopause care products,Title keyword filter: 'cream'
B0DZ6HL6YS,fotn,"naturals ultimate omega, 120 soft gels - 1280 mg omega-3 - high-potency fish oil lemon flavor",omega oils,Title keyword filter: 'gel'
B0DZ6ZBT6B,gangesindia,"gangesindiaâgreenjadeangelfigurine,2inches,handcarvedgemstone,peaceguardianangelgoodluckhealingstatue",other alternative medicine,Title keyword filter: 'gemstone'
B0DZ8GC25R,inspired nutraceuticals,"inspired fsu serum liquid glycerol, stim free pre workout pump, non stim preworkout, caffeine free, stimulant free, 20g glycoclear, 2g betaine nitrate (lemon strawberry dream)",pre-workout powders,Title keyword filter: 'serum'
B0DZ8RFWLG,inspired nutraceuticals,"inspired fsu serum liquid glycerol, stim free pre workout pump, non stim preworkout, caffeine free, stimulant free, 20g glycoclear, 2g betaine nitrate (island vibes)",pre-workout powders,Title keyword filter: 'serum'
B0DZ8WVRRY,inspired nutraceuticals,"inspired fsu serum liquid glycerol, stim free pre workout pump, non stim preworkout, caffeine free, stimulant free, 20g glycoclear, 2g betaine nitrate (sour rainbow)",pre-workout powders,Title keyword filter: 'serum'
B0DZ8YF97V,inspired nutraceuticals,"inspired fsu serum liquid glycerol, stim free pre workout pump, non stim preworkout, caffeine free, stimulant free, 20g glycoclear, 2g betaine nitrate (galaxy pop)",pre-workout powders,Title keyword filter: 'serum'
B0DZBQDHWR,lamuseland,"lamuseland essential oil nasal inhaler, pure and natural peppermint double holes aromatherapy nasal stick set for tension stress relief and focus boost (5, peach)",sinus medicine,Title keyword filter: 'essential oil'
B0DZDZD736,vigority,"vigority estrogen & progesterone cream bundle for menopause relief: natural bioidentical estrogen & progesterone for hormonal balance, hot flashes, and night sweats support - paraben-free  3-month",menopause care products,Title keyword filter: 'cream'
B0DZGZN7ZW,runyangshi,runyangshi natural amethyst citrine tree of life crystal tea cup base artificial tree with handcrafted gemstones home decor healing gifts for women men,other alternative medicine,Title keyword filter: 'gemstone'
B0DZH46FXP,clearain,24pcs mini rose quartz crystals and healing stones natural gemstones bulk reiki chakra gem small polished worry stones for anxiety spiritual balance (hearts),other alternative medicine,Title keyword filter: 'gemstone'
B0DZH46KT5,runyangshi,runyangshi natural citrine tree of life crystal tea cup base artificial tree with handcrafted gemstones home decor healing gifts for women men,other alternative medicine,Title keyword filter: 'gemstone'
B0DZPH3T8F,oilogic,oilogic kids stuffy nose & cough epsom salt soak & shower soother - made with blended essential oils,cold & flu treatments,Title keyword filter: 'essential oil'
B0DZPHG73R,oilogic,"oilogic kids stuffy nose & cough power bundle with vapor bath, epsom salt soak & shower soother - made with blended essential oils",cold & flu treatments,Title keyword filter: 'essential oil'
B0DZTSYNLN,misright,natural crystal crushed stone drip gel small fish-shaped ornaments desktop car ornament home decorations friend,other alternative medicine,Title keyword filter: 'gel'
B0F13LW3B3,marubhumi,"crystal tree of life 7 chakra healing trees for home and office decor,positive energy, wealth, good luck, gemstones and crystals,living room decor, handmade bonsai trees plus bracelet necklaces",other alternative medicine,Title keyword filter: 'gemstone'
B0F13Q822Y,liqunsweet,liqunsweet 30 pcs mixed colors natural gemstone rings healing stone crystal copper wire wrapped finger rings for diy jewelry crafting making,other alternative medicine,Title keyword filter: 'jewelry'
B0F13ZG1H9,gangesindia,"gangesindiaârosequartzcrystaltreeoflife-chakratreeforpositiveenergy,handmadegemstonetree-fengshuidecor,goodluckmoneytreebonsai",other alternative medicine,Title keyword filter: 'gemstone'
B0F15MTGTH,smartypants,"smartypants kids probiotic gummies for digestive health: 2 billion cfu gut health and immune support supplement, clinically studied probiotic, gluten free, grape, 30 count (30 day supply)",probiotics,Title keyword filter: 'pants'
B0F15T74N8,smartypants,"smartypants adult probiotic gummies for digestive health: 3 billion cfu, gut health and immune support supplement, clinically studied probiotic, gluten free, strawberry, 30 count (30 day supply)",probiotics,Title keyword filter: 'pants'
B0F15TYKWM,smartypants,"smartypants adult probiotic & prebiotic gummies for digestive health: 6 billion cfu gut health supplement, clinically studied prebiotic for immune support, grape, 60 count (30 day supply)",probiotics,Title keyword filter: 'pants'
B0F186GQ4L,patikil,"patikil heart crystals stone, 10 pcs natural crystal polished love gemstone rose quartz pocket bulk set balancing meditation gifts for mother women birthday, blue",other alternative medicine,Title keyword filter: 'gemstone'
B0F18F6MLK,patikil,"patikil heart crystals stone, 10 pcs natural crystal polished love gemstone rose quartz pocket bulk set balancing meditation gifts for mother women birthday, pink",other alternative medicine,Title keyword filter: 'gemstone'
B0F18MKYSS,patikil,"patikil heart crystals stone, 10 pcs natural crystal polished love gemstone rose quartz pocket bulk set balancing meditation gifts for mother women birthday, watermelon",other alternative medicine,Title keyword filter: 'gemstone'
B0F18NH693,patikil,"patikil heart crystals stone, 20 pcs natural crystal polished love gemstone rose quartz pocket bulk set balancing meditation gifts for mother women birthday, black",other alternative medicine,Title keyword filter: 'gemstone'
B0F18TR3HG,ifory,"30ctmotionsicknesspatchesnondrowsyâseasicknesspatchesforcruise,car,airplane,andothertravelâwaterproofpatchhiddenbehindearâeffectlasts72hours",motion sickness & nausea,Title keyword filter: 'patch'
B0F18XMZYC,patikil,"patikil heart crystals stone, 20 pcs natural crystal polished love gemstone rose quartz pocket bulk set balancing meditation gifts for mother women birthday, light purple",other alternative medicine,Title keyword filter: 'gemstone'
B0F18XRGZT,patikil,"patikil heart crystals stone, 20 pcs natural crystal polished love gemstone rose quartz pocket bulk set balancing meditation gifts for mother women birthday, gray",other alternative medicine,Title keyword filter: 'gemstone'
B0F19DGY27,enttgo,chineseresinadornmentforhomeéénaturalcitrinegemstonecrystaltreebonsaiééé-chuwensheng1022,other alternative medicine,Title keyword filter: 'gemstone'
B0F1DRLXNK,shameless,shamelesssnacksgummiesâhealthylowsugarcandy,elderberry herbal supplements,Title keyword filter: 'candy'
B0F1FP6TGH,your kitchen,"your kitchen allulose syrup 18.7 fl oz, zero calorie sweetener, keto diet, vegan friendly allulose sweetener, non gmo, non erythritol, zero net carbs liquid sweetene for baking, drinks",stevia sugar substitutes,Title keyword filter: 'syrup'
B0F1JBNGKR,silver fern,"silver fern brand ultimate clean-up kit - moderate to severe issues - cleanse capsules & nano scrub liquid, i kit, 30 day supply, no gluten, no dairy, made in usa",probiotics,Title keyword filter: 'scrub'
B0F1KQK5Q1,vigority,"magnesium lotion for kids & babies sleep - bedtime calming body cream with natural ingredients, lavender oil, shea butter & multi vitamins - topical magnesium soothing relief, promotes relaxation",magnesium supplements,Title keyword filter: 'lotion'
B0F1MQP9KP,pesoenth,"pesoenth amethyst raw crystals,purple amethyst crystal chips rock crushed stone,natural healing crystals gemstones rocks for crystal lovers crystal gifts spiritual gift,0.6-1,0.5lb",other alternative medicine,Title keyword filter: 'gemstone'
B0F1MWDHMS,pesoenth,"pesoenth 7 chakra tree crystals and healing stones gemstone tree of life gifts for women,spiritual healing crystal tree for mum birthday house warming gifts",other alternative medicine,Title keyword filter: 'gemstone'
B0F1NC6SWV,fiveizero,"fiveizero600pcsnaturalchipstonebeads,15âcolorirregulargemstone&healingcrystalchipsfordiyjewelrymakingsuppliesforadultswomen,looserockbeadsforbracelets,necklaces,earrings",other alternative medicine,Title keyword filter: 'jewelry'
B0F1WMRCWF,doctor recommended supplements,"premium multivitamin gummies for toddlers & kids - chewable essential daily vitamins a, c, d3, e, b6, b12, biotin - no high-fructose-corn-syrup or artificial sweeteners - 60 gummies, 30-day supply",blended supplements & vitamins,Title keyword filter: 'syrup'
B0F1WQN1ZX,tylenol,"tylenol extra strength bundle, each with 500 mg acetaminophen pain reliever & fever reducer, rapid release gels, 225 ct, & extra strength caplets for on-the-go, travel size, 6 ct, 2 items",non-aspirin pain relievers,Title keyword filter: 'gel'
B0F1Z8ZRFB,bonafide,"bonafidesilvessahydratingdailyskinserumâhormone-free,drug-freesupportforskinduringmenopauseâ60daysupply(2floz)",menopause care products,Title keyword filter: 'serum'
B0F242KYDD,adellina,sleep patches for adults extra strength: easy-to-apply sleep patch with melatonin & valerian 30 patches (purple),medicinal sleep aids,Title keyword filter: 'patch'
B0F257D8P3,bbs best beard stuff,beard growth kit w/ 2x thickening biotin beard balm + beard growth vitamins for men + grow beard growth oil for men + 6x liquid biotin with collagen peptides,vitamin b7 (biotin),Title keyword filter: 'balm'
B0F25B2TG5,fibra kania,"natural fiber powder cookies & cream flavor (23 ounces, cookies and cream)",dietary fibers,Title keyword filter: 'cream'
B0F27JFS3R,tjtjxrxr,"motion sickness patches, 36 count - fast acting & 72 hours long lasting sea sickness relief for cruise, airplanes, cars, bus, train - non-drowsy travel sickness patch for dizziness relief",motion sickness & nausea,Title keyword filter: 'patch'
B0F28K6B9V,adellina,sleep patches for adults extra strength: easy-to-apply sleep patch with melatonin & valerian 42 patches,medicinal sleep aids,Title keyword filter: 'patch'
B0F2921JP4,maibaota,maibaota 60 mm blue sodalite crystals large heart stone healing crystals heart reiki crystal gemstone polished heart shaped rocks meditation mothers day crystal gifts for mom her,other alternative medicine,Title keyword filter: 'gemstone'
B0F29Z6M1H,drop,"drop pure organic rasberry flavor bio syrup-16.9oz (500ml), natural 30% concentrate fruit syrups,great for cocktails,bevarages,coffee,shaved ice and ice-cream,gluten-free, non-gmo snow cone syrup,",stevia sugar substitutes,Title keyword filter: 'cream'
B0F2B23B4M,plant guru,"hempseedoil8fl.oz.âcoldpressed,100%pure&naturalcarrieroilforskin,face,body,andhair.greatfordiycreams,lotions,andlipbalm",cbd & hemp extract products,Title keyword filter: 'lotion'
B0F2G283J2,hempvana,"hempvana platinum lidocaine ultra-strength relief cream, 4x hemp, numbs aggravated nerves, long-lasting relief for back, knees, shoulders & more. as-seen-on-tv. odor-free, non-greasy. works fast",cbd & hemp extract products,Title keyword filter: 'cream'
B0F2G3BKT5,hempvana,"hempvana platinum 5% lidocaine relief cream, maximum strength, as-seen-on-tv, strongest cream, numbs irritated nerves for fast relief, non-greasy. targeted long-lasting relief. enriched with hemp",cbd & hemp extract products,Title keyword filter: 'cream'
B0F2HRW3S9,todicamp,"100% pure manuka oil from new zealand  therapeutic-grade essential oil for wound care, skin soothing, nail & scalp health  organic, undiluted, cold-pressed manuka for face, hair & body",omega oils,Title keyword filter: 'essential oil'
B0F2J899CR,windmill,"windmill natural vitamins collagen sleep support, with melatonin, chamomile, lemon balm, supports hair, skin and nails, type i & iii grass fed collagen, sleep support, blue raspberry flavor",collagen supplements,Title keyword filter: 'balm'
B0F2MWG1C2,lamuseland,"lamuseland essential oil nasal inhaler, 6 packs pure and natural peppermint double holes aromatherapy nasal stick set for tension stress relief and focus boost (10)",sinus medicine,Title keyword filter: 'essential oil'
B0F2SNLGVC,ohaleep,"ohaleep sleep patch portable and comfortable, sleep patches for adults extra strength wake up refreshed, 12 patches",medicinal sleep aids,Title keyword filter: 'patch'
B0F2SXDRPG,maoever,"nasal irrigation system, cordless nasal rinse machine for sinus relief & nasal care, electric neti pot with 6 tips and 140 salt packs nasal irrigation sinus rinse system kit for adult & kid",sinus medicine,Title keyword filter: 'machine'
B0F2YRXH7T,lamuseland,"lamuseland essential oil nasal inhaler, pure and natural peppermint double holes aromatherapy nasal stick set for tension stress relief and focus boost (5, cola)",sinus medicine,Title keyword filter: 'essential oil'
B0F35BKC7K,get wavy organics,wildcrafted irish sea moss gel  made with seamoss  made in usa  rich in vitamins & minerals  100% organic gold sea moss gel raw soursop & passion fruit (2 pack),other herbal supplements,Title keyword filter: 'gel'
B0F35SWBJ8,perk,"perk energy original sugar cookie flavored drink powder (10 servings stickpack) - gluten-free, peanut-free, soy-free",energy powders,Title keyword filter: 'cookie'
B0F3C967JJ,zonon,zonon 9 pcs natural pyrite cluster high energy small pyrite crystal stone with healing properties floating display case velvet jewelry pouches for increased willpower and manifestation exhibition gift,other alternative medicine,Title keyword filter: 'jewelry'
B0F3CW27XY,ditind,"healingcrystalsrosequartzheartâ2naturalhand-polishedgemstoneformeditation,witchcraftsupplies,worrystones,craftinggems,andspiritualenergyhealing",other alternative medicine,Title keyword filter: 'gemstone'
B0F3D79VJ4,lamuseland,"lamuseland essential oil nasal inhaler, 9 packs pure and natural peppermint double holes aromatherapy nasal stick set for tension stress relief and focus boost (09)",sinus medicine,Title keyword filter: 'essential oil'
B0F3DHNJ5G,trueseamoss,"trueseamoss wildcrafted irish sea moss gel & gummies - made with dried seaweed - seamoss, vegan-friendly, antioxidant - made in usa (original, pack of 3)",other digestive supplements,Title keyword filter: 'gel'
B0F3GL737W,contac,"contac cold & flu medicine, powerful, multi-symptom relief for pain, fever, sore throat, body aches, sneezing, runny nose & cough, 24 count liquid gels",cold & flu treatments,Title keyword filter: 'gel'
B0F3VRL8PV,lamuseland,"lamuseland essential oil nasal inhaler, 1pack pure and natural peppermint double holes aromatherapy nasal stick set for tension stress relief and focus boost (11)",sinus medicine,Title keyword filter: 'essential oil'
B0F3VRMNQW,lamuseland,"lamuseland essential oil nasal inhaler, 1pack pure and natural peppermint double holes aromatherapy nasal stick set for tension stress relief and focus boost (18)",sinus medicine,Title keyword filter: 'essential oil'
B0F3VSBDVD,lamuseland,"lamuseland essential oil nasal inhaler, 1pack pure and natural peppermint double holes aromatherapy nasal stick set for tension stress relief and focus boost (14)",sinus medicine,Title keyword filter: 'essential oil'
B0F3VV54L9,lamuseland,"lamuseland essential oil nasal inhaler, 1pack pure and natural peppermint double holes aromatherapy nasal stick set for tension stress relief and focus boost (17)",sinus medicine,Title keyword filter: 'essential oil'
B0F3X1HZC4,hmone,"3 packs organic hemp gummies extra strengthen high potency with pure hemp oil extract vegan edible bear candy - non-gmo, vegan, low sugar",cbd & hemp extract products,Title keyword filter: 'candy'
B0F45PF3C6,saltstick,"saltstick chewable electrolytes with caffeine - 60 citrus burst electrolyte energy tablets - just chew it, electrolyte energy chews for hydration - 60 count",energy supplements,Title keyword filter: 'tick chewable'
B0F45PJ46J,saltstick,"saltstick chewable electrolytes with caffeine - 60 tropical twist electrolyte energy tablets - just chew it, electrolyte energy chews for hydration - 60 count",energy supplements,Title keyword filter: 'tick chewable'
B0F47HZ4LK,vadik herbs,"sleep easy nasya oil organic- herbal nasal drops for promoting a sound, restful sleep (1oz)  with lavender & vetiver essential oil  made in usa",medicinal sleep aids,Title keyword filter: 'essential oil'
B0F495ZPRV,everlom,sleep patches for adults extra strength: 60-pack melatonin aid for night rest - serenity patches for deep sleeping comfort - perfect for men women 1 box,medicinal sleep aids,Title keyword filter: 'patch'
B0F498ZQNY,patchmd,patchmd nausea relief patch - 30 day supply,motion sickness & nausea,Title keyword filter: 'patch'
B0F499THX5,patchmd,metabolism plus patch - 30 days supply,cla supplements,Title keyword filter: 'patch'
B0F499VDGJ,patchmd,appetite suppression patch - 30 days supply,appetite control & suppressants,Title keyword filter: 'patch'
B0F49CS5LH,biomiracle,"biomiracle bmmp30 menopause patches lavender, ginger, and herbs promote calm relief, vegan + cruelty free, 1 month supply, 30 natural rellief patches.",menopause care products,Title keyword filter: 'patch'
B0F4D3L5DM,emibele,"emibele obsidian bracelet, natural obsidian crystal chakra bracelet for positive energy ease anxiety, spiritual crystal jewelry 8mm round bead protection stones jewelry gifts for women men, black",other alternative medicine,Title keyword filter: 'jewelry'
B0F4FLW9W4,patchmd,mito cocktail patch - 30 days supply,energy supplements,Title keyword filter: 'patch'
B0F4Y4D3YJ,little remedies,"little remedies honey cough syrup (4oz), gas relief drops (1oz), & sterile saline nasal mist (3oz) (1ea) variety pack",moisturizing sprays,Title keyword filter: 'syrup'
B0F5B4797F,curecure,"pregnancy nausea relief, nausea relief for pregnant women, 60 pcs natural fast-acting morning sickness relief patches",motion sickness & nausea,Title keyword filter: 'patch'
B0F5DFFYHB,adventure home,"adventure home (pack of 1) eye vitamin adult 50+ formula, 150 soft gels total",blended supplements & vitamins,Title keyword filter: 'gel'
B0F5GMKS98,beekeeper's naturals,"beekeeper'snaturalskidshoneycoughsyrupâday&nightvaluepackâimmunesupportwithelderberry,vitaminc,d,propolis&rawhoneyâsoothing,cleaningredientsâtwopack,2x4floz",cough syrups & liquids,Title keyword filter: 'syrup'
B0F5GR91J6,beekeeper's naturals,"beekeeper'snaturalspropolishoneycoughsyrupâadultdaytime&nighttimevaluepackâelderberry,beepropolis,buckwheathoneyâimmunesupport&throatsoothing,twopack,2x4floz",cough syrups & liquids,Title keyword filter: 'syrup'
B0F5HVX21F,smartypants,"smartypants prenatal multivitamin gummies - improved formula: omega 3 (dha/epa), methylfolate, biotin, vitamin d3, c, vitamin b12, b6, vitamin a, k & zinc, gluten free, 120 count (40 day supply)",fertility & natal supplements,Title keyword filter: 'pants'
B0F5L1RQ4H,natural force,"natural force organic mct oil 32 oz pure vitamin d, orange cream 16 fl oz",vitamin d supplements,Title keyword filter: 'cream'
B0F5P6XQQN,pachamama essentials,"pachamama essentials tumbled shungite stones - polished gemstone - water purification, reiki, massage, energy crystal healing (2 lb)",other alternative medicine,Title keyword filter: 'gemstone'
B0F5QS9RY3,smartypants,"smartypants women's multivitamin gummies - improved formula: omega 3 (dha/epa), methylfolate, coq10, vitamin d3, c, vitamin b12, b6, a, k & zinc, inositol, gluten free, 120 count (40 day supply)",multivitamins,Title keyword filter: 'pants'
B0F6K592ZS,ohaleep,"ohaleep sleep patch portable and comfortable, sleep patches for adults extra strength wake up refreshed, 12 patches",medicinal sleep aids,Title keyword filter: 'patch'
B0F6KTM73B,steen's,steen's 100% pure cane syrup 2fl oz (12 pack),cough syrups & liquids,Title keyword filter: 'syrup'
B0F6L4P81C,hmone,"1 packs organic hemp gummies extra strengthen high potency with pure hemp oil extract vegan edible bear candy - non-gmo, vegan, low sugar",cbd & hemp extract products,Title keyword filter: 'candy'
B0F7J21YGT,vitaboost,"systemic formulas collagen ecm #613, bio basic collagen powder promotes hair, nail, skin, collagen supplement and keychain pill holder",vitamin d supplements,Title keyword filter: 'key chain'
B0F7J4LLM4,vitaboost,"systemic formulas collagen ecm #613 and keychain pill holder, bio basic collagen powder promotes hair, nail, skin, collagen supplement (pack of 2, vanilla)",vitamin d supplements,Title keyword filter: 'key chain'
B0F7VJ592J,prospan,"prospan cough syrup for adults. natural cough syrup for mucus relief, cough support, respiratory health, non-drowsy, no added sugars, 5ml single serving 21-pack + 200ml bottle",cough syrups & liquids,Title keyword filter: 'syrup'
B0F8GQBS2P,hmone,"2 packs organic hemp gummies high potency with pure hemp oil extract vegan edible bear candy - non-gmo, vegan, low sugar",cbd & hemp extract products,Title keyword filter: 'candy'
