asin,title,brand,amazon_subcategory,lookup_action,filter_reason,matched_keyword
B01MRLVQ7W,hqrp 4 natural rose quartz egg/sphere crystal mineral stand polished pink gemstone plate w/star of david decoration,hqrp,other alternative medicine,REMAP,Contains non-supplement keyword: 'gemstone',gemstone
B0814GLMNY,crystalmiracle golden pyrite 43 mm sphere crystal healing gemstone reiki feng shui home office gift energy cluster,crystalmiracle,other alternative medicine,REMAP,Contains non-supplement keyword: 'gemstone',gemstone
B08HSJ76JS,naturalmawsitsitjadebraceletâ9.5mmgreenhealingstonebeadsforwomenâheartcharmpendantâattractslove&goodluckâenergyspiritualjewelry,heavens tvcz,other alternative medicine,REMAP,Contains non-supplement keyword: 'jewelry',jewelry
B08JN3GKJQ,oil of youth essential oils 8oz - cinnamon bark essential oil - 8 fluid ounces,oil of youth,cbd & hemp extract products,REMAP,Contains non-supplement keyword: 'essential oil',essential oil
B094431VV9,lmdprajapatis certified unheated untreatet 7.25 ratti a+ quality hessonite garnet gomed loose gemstone for women's and men's,lmdprajapatis,other alternative medicine,REMAP,Contains non-supplement keyword: 'gemstone',gemstone
B098L5WQX9,"skullis 5.0 korea garnet crystal skull, hand carved gemstone fine art sculpture, reiki healing stone statue.2044",skullis,other alternative medicine,REMAP,Contains non-supplement keyword: 'gemstone',gemstone
B09BNLZ6M2,11.95 ct. 1 pc natural red ruby rough raw gemstone earth mined red ruby specimen crystal healing specimen ga-449,real-gems,other alternative medicine,REMAP,Contains non-supplement keyword: 'gemstone',gemstone
B09DYM7RR1,"4.25 ct red burmese spinel natural healing crystal loose gemstone for yoga, decoration, polishing, tumbling, healing",real-gems,other alternative medicine,REMAP,Contains non-supplement keyword: 'gemstone',gemstone
B09FFFJP3L,"shizam hydrolyzed bovine collagen biotin gummies with multi-vitamin c, e & zinc for hair growth-loss and strong nail. alternative for liquid drops, pills & keratin shampoo for women",shizam,"hair, skin & nails supplements",REMAP,Contains non-supplement keyword: 'shampoo',shampoo
B09MS24FT7,"portable nebulizer for kids, handheld nebulizer machine with 3 speed - rechargeable personal cool mist steam inhaler for adults travel and home use",bomenya,sinus medicine,REMAP,Contains non-supplement keyword: 'machine',machine
B09WN4JJZ8,1pcs tiger eye stone chakra car ornament tiger eye stone wall ornament reiki healing crystal gemstones chakra crystals healing stones hanging ornament for home car decoration good luck yoga meditation,lasenersm,other alternative medicine,REMAP,Contains non-supplement keyword: 'gemstone',gemstone
B09X2YV53M,justinstones 1 pair matrix rhodonite love heart shaped natural crystal healing love gemstone decoration with wood stand,justinstones,other alternative medicine,REMAP,Contains non-supplement keyword: 'gemstone',gemstone
B0B4P4RWPC,amazing gemstone nuummite crystal ball with stand - 2 inches crystal sphere meditation balls for witchcraft and decorative balls,amazing gemstone,other alternative medicine,REMAP,Contains non-supplement keyword: 'gemstone',gemstone
B0B5TMC7JK,personalizedworrystonenecklaceonthindelicatechainwithcustomengravingâcalmingstressanxietyreliefjewelryâfidgetjewelryâmeditationnecklace242,handmade,other alternative medicine,REMAP,Contains non-supplement keyword: 'jewelry',jewelry
B0BCVS455Z,"amazing gemstone healing metal pendulums for divination, gold 4 ring cone with plate steel copper pendulum high energy pendulo de bronce pendulos de mesa mp85",amazing gemstone,other alternative medicine,REMAP,Contains non-supplement keyword: 'gemstone',gemstone
B0BFRZLL5C,shizam colon cleanser detox laxative gummies  constipation relief for adults & kids  gut cleanse body detox natural laxative-s for women  pills alt,shizam,weight loss detox & cleanse,REMAP,Contains non-supplement keyword: 'cleanser',cleanser
B0BGLRDC7H,amazing gemstone selenite manmade buddhist prayer beads japa mala with 108 meditation beads (without knots),amazing gemstone,other alternative medicine,REMAP,Contains non-supplement keyword: 'gemstone',gemstone
B0BGLS1WPC,amazing gemstone yellow cat's eye buddhist prayer beads japa mala with 108 meditation beads (without knots),amazing gemstone,other alternative medicine,REMAP,Contains non-supplement keyword: 'gemstone',gemstone
B0BGLTLY4B,amazing gemstone japa mala 108 prayer beads necklace and wrist mala bracelet for meditation,amazing gemstone,other alternative medicine,REMAP,Contains non-supplement keyword: 'gemstone',gemstone
B0BMX4PYQJ,"kissitty 235pcs 8mm natural purple aventurine bead strands, natural gemstone crystal beads round smooth chakra beads energy healing crystals gemstones for diy jewelry bracelets necklaces making",kissitty,other alternative medicine,REMAP,Contains non-supplement keyword: 'jewelry',jewelry
B0BRMDNF87,matrix rhodonite 32mm natural gemstone hexagonal wand jewelry making crystal pointed chakra reiki healing beads 2mm hole drilled(pack of 10),justinstones,other alternative medicine,REMAP,Contains non-supplement keyword: 'jewelry',jewelry
B0BTMDK6GW,subsh assorted crystal gems - tumbled natural gemstones - mixed gemstone - crystal sets for healing - decorative rocks for vase - energy crystals stones - colored crystal (10 pcs),subsh,other alternative medicine,REMAP,Contains non-supplement keyword: 'gemstone',gemstone
B0BTP64PK2,naribabu rose quartz sphere - crystal ball with stand - crystal sphere - gemstones and crystals - home decoration - crystal mini ball - healing crystal - ball sculpture - wiccan crystal - witch gifts,naribabu,other alternative medicine,REMAP,Contains non-supplement keyword: 'gemstone',gemstone
B0BTT7LDQZ,subsh yellow aventurine tumble stone - reiki decor - chakra healing - yellow gemstones - spiritual items - reiki crystals and healing stones - crystal home decor - metaphysical supplies,subsh,other alternative medicine,REMAP,Contains non-supplement keyword: 'gemstone',gemstone
B0BTT95RDL,subsh bloodstone stones and crystals - tumbled crystals - crystals for witchcraft - healing crystals and stones - crystal kit - stones for jewelry making - stone to decoration,subsh,other alternative medicine,REMAP,Contains non-supplement keyword: 'jewelry',jewelry
B0BZ7F42P9,crystal healing hexagonal point chakra reiki semi-precious pendant beads wire wrapped diy jewelry making 12pcs,justinstones,other alternative medicine,REMAP,Contains non-supplement keyword: 'jewelry',jewelry
B0C1GRB4MJ,"tigers eye rings for women and teen girls - silver tigers eye crystal ring birthstone jewelry - healing crystal gifts for her, mothers day, christmas - anillos para mujer (s1)",amazing gemstone,other alternative medicine,REMAP,Contains non-supplement keyword: 'jewelry',jewelry
B0C1NJKLCD,justinstones yellow tiger eye natural gemstone quartz 30mm egg shaped crystal healing chakra energy balancing meditation home office decor stone with stone stand,justinstones,other alternative medicine,REMAP,Contains non-supplement keyword: 'gemstone',gemstone
B0C1NKPN9F,justinstones hematite natural gemstone quartz 30mm egg shaped crystal healing chakra energy balancing meditation home office decor stone with stone stand,justinstones,other alternative medicine,REMAP,Contains non-supplement keyword: 'gemstone',gemstone
B0C1Y87GKC,12 constellation zodiac sign choker necklace raw crystal natural stone healing chakra gemstone horoscope astrology jewelry for women birthday gift-capricorn,fuqimanman2020,other alternative medicine,REMAP,Contains non-supplement keyword: 'jewelry',jewelry
B0C1YB14TZ,12 constellation zodiac sign choker necklace raw crystal natural stone healing chakra gemstone horoscope astrology jewelry for women birthday gift-leo,fuqimanman2020,other alternative medicine,REMAP,Contains non-supplement keyword: 'jewelry',jewelry
B0C2HPCJXH,"tgh natural unakite beads bracelet micro faceted gemstones jewelry for her, birthstone energy healing crystals, gold plated chain adjustable 8 inch, valentine day gift",tgh,other alternative medicine,REMAP,Contains non-supplement keyword: 'jewelry',jewelry
B0C48KG2TX,natural himalayan quartz crystal gemstone 0.2 oz,gem avenue,other alternative medicine,REMAP,Contains non-supplement keyword: 'gemstone',gemstone
B0C5T6DCYZ,"tgh natural lapis lazuli chips crystal earring, yoga jewelry, meditation earring, crystals earring, energy healing crystals, birthday, gemstone jewelry, valentine day gift (lapis lazuli)",tgh,other alternative medicine,REMAP,Contains non-supplement keyword: 'jewelry',jewelry
B0C7KXXS3S,"natural amazonite chips bar station necklace, energy healing crystals, birthday, gift for her, gemstone jewelry 18 inch aa+ quality, valentine day gift (amazonite)",tgh,other alternative medicine,REMAP,Contains non-supplement keyword: 'jewelry',jewelry
B0C89ZZGB7,"skullis5.0âafricanbloodstonesupercrystalskull,handcarvedgemstonefineartsculpture,reikihealingstonestatue.2310",skullis,other alternative medicine,REMAP,Contains non-supplement keyword: 'gemstone',gemstone
B0C96XZ521,"dainty azurite real crystals pendant necklace, protection gemstone necklace, energy healing spiritual crystals, birthday, gift for women, gemstone jewelry 18 inch aaa+ quality (azurite)",handmade,other alternative medicine,REMAP,Contains non-supplement keyword: 'jewelry',jewelry
B0C9Y5D3JT,"c1lint7785631 100% pure natural handmade carved gem jadeon pendant necklace women or men women pendant necklace, gemstone, n",c1lint7785631,other alternative medicine,REMAP,Contains non-supplement keyword: 'gemstone',gemstone
B0CB3ZD3MT,impcenst 7 chakra healing crystal necklace set - real crystal and boho handmade cord cage & hippie energy pendant holder - healing stone jewelry spiritual gift (7 stones +2 ropes),impcenst,other alternative medicine,REMAP,Contains non-supplement keyword: 'jewelry',jewelry
B0CBQK3QNG,"dr. teal's hemp seed oil foaming bath gift set (2 pack, 34oz ea) - cannabis sativa hemp seed oil - essential oils blended with pure epsom salt calm the senses & alleviates daily stress",dr teal's,cbd & hemp extract products,REMAP,Contains non-supplement keyword: 'essential oil',essential oil
B0CBZDT91P,"maca dietary supplement, 500 mg, 90 count spring valley and bookmark of yolomolo",yolomolo,other herbal supplements,REMAP,Contains non-supplement keyword: 'book',book
B0CBZJB96P,"pyor chakra tree, crystal and stones, gemstone tree, crystal gifts, spiritual decor, hippie room decor, meditation accessories, crystal tree, healing crystals, money tree, tree of life, drop pendant",pyor,other alternative medicine,REMAP,Contains non-supplement keyword: 'gemstone',gemstone
B0CC3442ZV,"vitamin b12 tablets spring valley, 500 mcg, 100 count and bookmark of yolomolo",yolomolo,vitamin b12,REMAP,Contains non-supplement keyword: 'book',book
B0CCJDMCW3,"women's probiotic dietary supplement vegetarian capsules spring valley for digestive health, cranberry, 60 count and bookmark gift of yolomolo",yolomolo,probiotics,REMAP,Contains non-supplement keyword: 'book',book
B0CDQKBGXC,"astaxanthin dietary supplement spring valley, 4 mg, 30 count and bookmark gift of yolomolo",yolomolo,other herbal supplements,REMAP,Contains non-supplement keyword: 'book',book
B0CF2PVVYL,"extra strength age 50+ probiotic with prebiotic dietary supplement spring valley delayed release vegetarian capsules for digestive health, 30 count and bookmark gift of yolomolo",yolomolo,probiotics,REMAP,Contains non-supplement keyword: 'book',book
B0CF2TCPNF,"extra strength vitamin b12 fast dissolve tablets spring valley, cherry, 5,000 mcg, 60 count and bookmark gift of yolomolo",yolomolo,vitamin b12,REMAP,Contains non-supplement keyword: 'book',book
B0CF4GLMHL,"omega-3 fish oil spring valley soft gels, 1000 mg, 180 count and bookmark gift of yolomolo",yolomolo,omega oils,REMAP,Contains non-supplement keyword: 'book',book
B0CF4L3SXN,"kids melatonin chewable tablets spring valley dietary supplement, grape flavor, 1 mg, 60 count and bookmark gift of yolomolo",yolomolo,medicinal sleep aids,REMAP,Contains non-supplement keyword: 'book',book
B0CFG1KXVG,"daily probiotic supplement delayed-release spring valley vegetable capsules, digestive health, 60 count and bookmark gift of yolomolo",yolomolo,probiotics,REMAP,Contains non-supplement keyword: 'book',book
B0CFG3B2MC,"vitamin b spring valley non gmo vegetarian gummies, strawberry, 70 count and bookmark gift of yolomolo",yolomolo,vitamin c-complex,REMAP,Contains non-supplement keyword: 'book',book
B0CG1F22LH,"howlite angel statue 2 beautiful gemstone guardian angel natural crystal angel hand-carved angel charms for calmness, awareness, peace, self-control and positive energy crystal figurines decor",anaya agate,other alternative medicine,REMAP,Contains non-supplement keyword: 'gemstone',gemstone
B0CGHJD3HK,crystaltears rose quartz chakra healing crystal bracelet natural 8mm stone bead gemstone bracelet energy heart charm anxiety stretch bracelets jewellry gift for her women christmas,crystaltears,other alternative medicine,REMAP,Contains non-supplement keyword: 'gemstone',gemstone
B0CGK26N3D,"vitamin c immune health spring valley dietary supplement chewable tablets, orange, 500 mg, 60 count and bookmark gift of yolomolo",yolomolo,vitamin c-complex,REMAP,Contains non-supplement keyword: 'book',book
B0CGM8RPXL,natural labradorite crystal unicorn figurine hand carved gemstone healing quartz reiki stone sculpture statue decoration,aibote,other alternative medicine,REMAP,Contains non-supplement keyword: 'gemstone',gemstone
B0CH162V98,"sugar-free menthol equate cough drops, 70 count and bookmark gift of yolomolo",yolomolo,cough drops & lozenges,REMAP,Contains non-supplement keyword: 'book',book
B0CHF6ZQRQ,"skullis2.0âmapjaspercrystalskull,handcarvedgemstonefineartsculpture,reikihealingstonestatue.1444",skullis,other alternative medicine,REMAP,Contains non-supplement keyword: 'gemstone',gemstone
B0CHFBMKKN,"skullis2.0âchinayellowjaspercrystalskull,handcarvedgemstonefineartsculpture,reikihealingstonestatue.1443",skullis,other alternative medicine,REMAP,Contains non-supplement keyword: 'gemstone',gemstone
B0CHFGQTXL,nklaus natural gabbro mystic merlinite gemstone 30mm sphere healing effect meditation 14901,nklaus,other alternative medicine,REMAP,Contains non-supplement keyword: 'gemstone',gemstone
B0CJ2PQHDD,round brilliant white color 100pcs 2.75mm cubic zirconia gemstone aaaaa cz loose stones for jewelry (2.75mm 100pcs),gepas,other alternative medicine,REMAP,Contains non-supplement keyword: 'jewelry',jewelry
B0CJDJ3WJX,"calcium 500 mg per serving gummies, nature made dietary supplement for bone support, 80 count and bookmark gift of yolomolo",yolomolo,calcium vitamin d combination supplements,REMAP,Contains non-supplement keyword: 'book',book
B0CJTDMN68,gem-inside 40mnm blue sandsotone stone circle donuts beads for pendant jewelry making power energy chakra massage guasha scraping tools,gem-inside create your own fashion,other alternative medicine,REMAP,Contains non-supplement keyword: 'jewelry',jewelry
B0CKBRTS26,"pyor serpentine crystal, crystal sphere, feng shui, large gemstones sphere, meditation accessories, fortune teller ball with stand, 40mm",pyor,other alternative medicine,REMAP,Contains non-supplement keyword: 'gemstone',gemstone
B0CKBW8J8F,"crystal necklace for women, handmade clear quartz crystal pendant birthstone necklaces for chakra healing good luck meditation, tree of life crystal jewelry birthday gifts for women and men",karmapledge,other alternative medicine,REMAP,Contains non-supplement keyword: 'jewelry',jewelry
B0CL4QSRHG,"cats eye ring, silver jewelry, 925 silver ring, anniversary gift, natural cats eye, birthstone ring, womens ring, spiritual healing gemstone, christmas, tiny ring",handmade,other alternative medicine,REMAP,Contains non-supplement keyword: 'jewelry',jewelry
B0CLL53NRK,wzmpa gemstones crystals tote bag mystical geologist gift geology crystal gems shoulder bag crystal lover merchandise,wzmpa,other alternative medicine,REMAP,Contains non-supplement keyword: 'gemstone',gemstone
B0CLXTZQY3,"massive beads natural chakra healing power crystals macrame bracelet yoga double layer stone beads gemstone meditation relax anxiety bangle for unisex women men (blue stripe agate, 6mm)",massive beads,other alternative medicine,REMAP,Contains non-supplement keyword: 'gemstone',gemstone
B0CN2SXTWC,massive beads natural healing power gemstone crystal beads unisex adjustable macrame bracelets,massive beads,other alternative medicine,REMAP,Contains non-supplement keyword: 'gemstone',gemstone
B0CN8XDQWR,"60 pcs rose quartz crystals,heart natural polished crystal,0.8 inch mini healing stone,worry stone bulk,love carved palm thumb gemstone for reiki energy balancing meditation(pink)",guiqulai,other alternative medicine,REMAP,Contains non-supplement keyword: 'gemstone',gemstone
B0CNPX87ML,"ribbon agate rough rock, raw natural stone, chakra crystals, quality gemstones for reiki healing, wellness, meditation, handmade in our lapidary workshop (2 pcs)",eusice,other alternative medicine,REMAP,Contains non-supplement keyword: 'gemstone',gemstone
B0CNPXJB1N,"kambamba jasper rough rock, raw natural stone, chakra crystals, quality gemstones for reiki healing, wellness, meditation, handmade in our lapidary workshop (2 pcs)",eusice,other alternative medicine,REMAP,Contains non-supplement keyword: 'gemstone',gemstone
B0CP3N4FS2,amazing gemstone 2.5 selenite orgonite orgone crystal sphere ball with stand - meditation crystal ball for witchcraft and decorative balls - premium gemstone sphere balls (flower of life),amazing gemstone,other alternative medicine,REMAP,Contains non-supplement keyword: 'gemstone',gemstone
B0CPM6PS53,"amazing gemstone 2 pieces tangerine aura quartz raw crystals and healing stones, natural rocks for meditation and diy raw stones and crystals",amazing gemstone,other alternative medicine,REMAP,Contains non-supplement keyword: 'gemstone',gemstone
B0CQ896MQ3,amazing gemstone ruby fuchsite crystal towers ~ natural healing crystal point obelisk for reiki healing and crystal grid (2 to 3 inch),amazing gemstone,other alternative medicine,REMAP,Contains non-supplement keyword: 'gemstone',gemstone
B0CQM728LQ,15 set 45 pcs crystal angel figurines bulk 1.5 inch guardian pocket healing statue mini gemstones carved stones with cards organza bags for faith peace gifts home decor,vercraft,other alternative medicine,REMAP,Contains non-supplement keyword: 'gemstone',gemstone
B0CR6N4YZL,"yashee natural moonstone crystal, 925 sterling silver round shape stud earring for women, chakra energy healing gemstone, real crystal, birthstone, beautiful women simple christmas gift jewelry",handmade,other alternative medicine,REMAP,Contains non-supplement keyword: 'jewelry',jewelry
B0CRR335XH,50mm 7 chakra stone hexagonal wand jewelry making crystal pointed chakra reiki healing beads 2mm hole drilled(pack of 5),justinstones,other alternative medicine,REMAP,Contains non-supplement keyword: 'jewelry',jewelry
B0CSK179RR,tghnaturallavabraceletâ6mmrealbeadsâgrounding&strengthcrystalhealingâstretchbraceletâaromatherapystonejewelryâunisex7.5inchâgiftforhimorher,tgh,other alternative medicine,REMAP,Contains non-supplement keyword: 'jewelry',jewelry
B0CVX23LGX,wholesalegemshopgemscitecrystalhealingpendantnecklaceâprotectionnegativeenergycleansernaturalstress-authenticstonewithchainchakrahealingcharm(angelite),wholesalegemshop,other alternative medicine,REMAP,Contains non-supplement keyword: 'cleanser',cleanser
B0CX1X98PB,"anayaagatetreeagatependulumâchakracrystalpendulumfornecklacewithchainâdowsingpendulumfordivination,meditation,chakrahealingandcrystalgridânaturalgemstonependulum",anaya agate,other alternative medicine,REMAP,Contains non-supplement keyword: 'gemstone',gemstone
B0CX1YG6L6,"anayaagatemariamjaspercrystalpendulumâchakrapendulumâdowsingpendulumfordivination,meditation,chakrahealingandcrystalgridânaturalgemstonependulum",anaya agate,other alternative medicine,REMAP,Contains non-supplement keyword: 'gemstone',gemstone
B0CX1ZL14R,"anayaagateyellowcalcitecrystalpendulumâchakrapendulumâdowsingpendulumfordivination,meditation,chakrahealingandcrystalgridânaturalgemstonependulum",anaya agate,other alternative medicine,REMAP,Contains non-supplement keyword: 'gemstone',gemstone
B0CX1ZWCKJ,"greenstrawberryquartzcrystalpendulumâchakrapendulumfornecklacewithchainâdowsingpendulumfordivination,meditation,chakrahealingandcrystalgridânaturalgemstonependulum",anaya agate,other alternative medicine,REMAP,Contains non-supplement keyword: 'gemstone',gemstone
B0CX21G3LS,"anayaagateredaventurinependulumâchakracrystalpendulumâdowsingpendulumfordivination,meditation,chakrahealingandcrystalgridânaturalgemstonependulum",anaya agate,other alternative medicine,REMAP,Contains non-supplement keyword: 'gemstone',gemstone
B0CX21J3RD,"anayaagateindigogabbrocrystalpendulumâchakrapendulumfornecklacewithchainâdowsingpendulumfordivination,meditation,chakrahealingandcrystalgridânaturalgemstonependulum",anaya agate,other alternative medicine,REMAP,Contains non-supplement keyword: 'gemstone',gemstone
B0CXHNQDRW,"guiqulai 60 pcs amethyst quartz crystals,heart natural polished crystal,0.79 inch mini healing stone,worry stone bulk,love carved palm thumb gemstone for reiki energy balancing meditation(purple)",guiqulai,other alternative medicine,REMAP,Contains non-supplement keyword: 'gemstone',gemstone
B0CY3GMX2V,"magnesium lotion for kids sleep & calm: natural bedtime lotion relaxation & relieves stress - topical magnesium cream with soothing lavender, shea butter, vitamin e - for babies, toddlers & juniors",terpsichore,magnesium supplements,REMAP,Contains non-supplement keyword: 'lotion',lotion
B0CYC81VB9,"black obsidian - 1/2lb bulk crystals, black lava rock, healing stones and crystals set, black obsidian crystal, reiki supplies, raw black obsidian, crystal set, energy healing, gemstones for crafts",pyor,other alternative medicine,REMAP,Contains non-supplement keyword: 'gemstone',gemstone
B0CZ42CDCM,"topical magnesium oil spray, pure magnesium oil spray for feet, 100% pure and organic, quick absorption - natural source with powerful organic blend of essential oils 2.02 fl oz (2 fl oz (pack of 1))",flasture,magnesium supplements,REMAP,Contains non-supplement keyword: 'essential oil',essential oil
B0CZHNG5MG,"topical magnesium oil spray, pure magnesium oil spray for feet, 100% pure, quick absorption - natural source with powerful blend of essential oils 2.02 fl oz (2 fl oz (pack of 2))",flasture,magnesium supplements,REMAP,Contains non-supplement keyword: 'essential oil',essential oil
B0CZS5CJLF,"yolomolo spring valley calcium citrate tablets dietary supplement, 600 mg, 300 count and with bookmark gift",yolomolo,calcium supplements,REMAP,Contains non-supplement keyword: 'book',book
B0D29KNM3B,"aura gems natural chrysoprase round shape crystals pendant necklace, chakra reiki energy healing gemstone, real crystal, birthstone, beautiful women simple jewelry, silver plated jewelry 18 inch",handmade,other alternative medicine,REMAP,Contains non-supplement keyword: 'jewelry',jewelry
B0D2RGFHJH,reikihealinggemstoneblacknuummitedomehomedãcor-blessfullhealing,blessfull healing,other alternative medicine,REMAP,Contains non-supplement keyword: 'gemstone',gemstone
B0D2TDPNWX,50mm dyed rose brazilian agate hexagonal wand jewelry making crystal pointed chakra reiki healing beads 2mm hole drilled(pack of 5),justinstones,other alternative medicine,REMAP,Contains non-supplement keyword: 'jewelry',jewelry
B0D3L6J6XX,natural brucite gemstone crystal 1 to 2 grams,gem avenue,other alternative medicine,REMAP,Contains non-supplement keyword: 'gemstone',gemstone
B0D41KDTXJ,"natural raw rough gemstone, healing chakra stones, wholesale bulk, birthstone, energy diy craft stone, raw crystals, loose gemstone wire wrapping, jewelry making supply 50 carat lot (labradorite)",tgh,other alternative medicine,REMAP,Contains non-supplement keyword: 'jewelry',jewelry
B0D45BPQGX,amazing gemstone chakra crystal tumbled stones polished rocks - natural gem stones for healing - diy crystals for protection (1 piece),amazing gemstone,other alternative medicine,REMAP,Contains non-supplement keyword: 'gemstone',gemstone
B0D45K5RQK,"amazing gemstone iron tiger eye crystals and healing stones tumbled - 1000+ carats iron tiger eye stone, healing stones for energy balance, stress relief - premium polished gems rocks for meditation",amazing gemstone,other alternative medicine,REMAP,Contains non-supplement keyword: 'gemstone',gemstone
B0D4LH194N,amazing gemstone green jade worry stone crystals and healing stones - worry stones for stress relief gifts - piedra crystal fidget for meditation - unique stocking stuffers and birthday gifts,amazing gemstone,other alternative medicine,REMAP,Contains non-supplement keyword: 'gemstone',gemstone
B0D5CZN8Q3,"pink crystal bracelet for women,healing crystal beads handmade good luck energy purple crystal,anxiety relief boosts energy jewelry gift (pink)",bopiu,other alternative medicine,REMAP,Contains non-supplement keyword: 'jewelry',jewelry
B0D5H3VZMK,4.8 big goddess body crystal carving female model gemstone figurines pocket stone statue healing crystals quartz (moss agate),kino,other alternative medicine,REMAP,Contains non-supplement keyword: 'gemstone',gemstone
B0D7MMPVSZ,"natural raw morganite rough gemstone crystals, healing chakra stones, wholesale bulk, birthstone, energy diy craft stone, wire wrapping, jewelry making supply 25 carat lot (morganite)",tgh,other alternative medicine,REMAP,Contains non-supplement keyword: 'jewelry',jewelry
B0D86HPHMK,tghhandmadeblackspinelgemstoneroundbeadsbolobraceletâ14kgoldplatedadjustablesliderâboholuxeâ6-9inchadjustablefitâperfectbirthdayorvalentineâsdaygift,tgh,other alternative medicine,REMAP,Contains non-supplement keyword: 'gemstone',gemstone
B0D8HZJHX5,"natural montana moss agate pear cabochon necklace, gemstone healing crystals, gift for her, birthstone, 18 inch gold plated adjustable chain, valentine day gift (montana moss agate)",tgh,other alternative medicine,REMAP,Contains non-supplement keyword: 'gemstone',gemstone
B0D8HZMW1Y,"natural pink strawberry quartz oval cabochon necklace, gemstone healing crystals, gift for her, birthstone, 18 inch gold plated adjustable chain, valentine day gift (pink strawberry quartz)",tgh,other alternative medicine,REMAP,Contains non-supplement keyword: 'gemstone',gemstone
B0D8Y4RNC7,yatojuzi 1pcs blue solidate stone 1.6-2 natural crystals and healing stones crystal palm polished worry stones rocks gemstones for meditation chakra balancing gifts for women men,yatojuzi,other alternative medicine,REMAP,Contains non-supplement keyword: 'gemstone',gemstone
B0D9C5KW3Y,"(2 pack) banana drops, banana drops extract, banana drops natural advanced formula, banana drops extract liquid, banana extract drops, banana drops reviews, banana liquid drops, 2 bottles for 60 days",livorka,other herbal supplements,REMAP,Contains non-supplement keyword: 'banana drops',banana drops
B0D9C628RY,"banana drops, banana drops extract, banana drops natural advanced formula, banana drops extract liquid, banana extract drops, banana drops reviews, banana liquid drops, 1 bottle for 30 days.",livorka,other herbal supplements,REMAP,Contains non-supplement keyword: 'banana drops',banana drops
B0DC37NGX9,"organic citrus bergamot 1400mg, 120 capsules - 25:1 citrus bergamia - essential oil and citrus bioflavonoids - natural heart health supplements for women and men - non-gmo pills",leozmr,other herbal supplements,REMAP,Contains non-supplement keyword: 'essential oil',essential oil
B0DC3FMWWX,"amethyst,7chakrapendulumpackof2âorgonecrystalpendulumâdowsingpendulumfordivination,meditation,chakrahealingânaturalgemstonependulum",anaya agate,other alternative medicine,REMAP,Contains non-supplement keyword: 'gemstone',gemstone
B0DC3K3G42,"blackobsidianpendulumâorgonecrystalpendulumâdowsingpendulumfordivination,meditation,chakrahealingânaturalgemstonependulum",anaya agate,other alternative medicine,REMAP,Contains non-supplement keyword: 'gemstone',gemstone
B0DC3QR85B,"shungitependulumâorgonecrystalpendulumâdowsingpendulumfordivination,meditation,chakrahealingânaturalgemstonependulum",anaya agate,other alternative medicine,REMAP,Contains non-supplement keyword: 'gemstone',gemstone
B0DC3RDLBC,"rosequartzpendulumâorgonecrystalpendulumâdowsingpendulumfordivination,meditation,chakrahealingânaturalgemstonependulum",anaya agate,other alternative medicine,REMAP,Contains non-supplement keyword: 'gemstone',gemstone
B0DC3SRC9F,"smokyquartzpendulumâorgonecrystalpendulumâdowsingpendulumfordivination,meditation,chakrahealingânaturalgemstonependulum",anaya agate,other alternative medicine,REMAP,Contains non-supplement keyword: 'gemstone',gemstone
B0DC493XM7,"opalitependulumâorgonecrystalpendulumâdowsingpendulumfordivination,meditation,chakrahealingânaturalgemstonependulum",anaya agate,other alternative medicine,REMAP,Contains non-supplement keyword: 'gemstone',gemstone
B0DK17BWVH,motipuns 12 sets teacher tokens of appreciation in bulk thank you teacher back to school gifts bulk emotional support crystal natural stones green moss matchbooks holiday gifts for women men(heart),motipuns,other alternative medicine,REMAP,Contains non-supplement keyword: 'book',book
B0DNS9ZRGX,"bonny boxx braided genuine 6mm selenite - stone of purification - bracelet, elegant handcrafted natural gemstone crystal bracelet healing power energy inspirational gifts with card for unisex",bonny boxx,other alternative medicine,REMAP,Contains non-supplement keyword: 'gemstone',gemstone
B0DNSC5VRQ,"bonny boxx braided genuine 4mm black obsidian - stone of strength - bracelet, elegant handcrafted natural gemstone crystal bracelet healing power energy inspirational gifts with card for unisex",bonny boxx,other alternative medicine,REMAP,Contains non-supplement keyword: 'gemstone',gemstone
B0DNSCCS48,"bonny boxx braided genuine 4mm labradorite - stone of transformation - bracelet, elegant handcrafted natural gemstone crystal bracelet healing power energy inspirational gifts with card for unisex",bonny boxx,other alternative medicine,REMAP,Contains non-supplement keyword: 'gemstone',gemstone
B0DNSCP7JV,"bonny boxx bonny boxx braided genuine 6mm labradorite - stone of transformation - bracelet, elegant handcrafted natural gemstone crystal bracelet healing power energy inspirational gifts with card for unisex",bonny boxx,other alternative medicine,REMAP,Contains non-supplement keyword: 'gemstone',gemstone
B0DQ336SWN,teenyyou 10 lb natural raw rocks for tumbling 16 kinds healing crystals bulk gemstone raw rough stones for cabbing tumbling fountain rocks decoration polishing,teenyyou,other alternative medicine,REMAP,Contains non-supplement keyword: 'gemstone',gemstone
B0DQ4QMPDL,beadthoven 12 sets natural gemstone 3-hole guru beads 8-10mm energy healing stone buddhist beads natural synthetic t-drilled prayer beads for diy buddha mala bracelets rosary necklaces jewelry making,bb beadthoven,other alternative medicine,REMAP,Contains non-supplement keyword: 'jewelry',jewelry
B0DQG9MRX9,"jovivi rose quartz healing crystal trees glass base, feng shui crystal bonsai gemstone money tree for home office desk decor spiritual gift",jovivi,other alternative medicine,REMAP,Contains non-supplement keyword: 'gemstone',gemstone
B0DQGCGG7M,"jovivi 7 chakra healing crystal trees glass base, feng shui crystal bonsai gemstone money tree for home office desk decor spiritual gift",jovivi,other alternative medicine,REMAP,Contains non-supplement keyword: 'gemstone',gemstone
B0DQV3PGRH,12 sets you rock crystal gemstone with cards organza bags for employee appreciation back to school teacher gift students staff coworkers thank you gifts party favors (motivational),teenyyou,other alternative medicine,REMAP,Contains non-supplement keyword: 'gemstone',gemstone
B0DQWLL4KX,"alilang natural stone pendant irregular healing crystal raw quartz handmade wrapped gemstone necklace for women men, rose quartz",alilang,other alternative medicine,REMAP,Contains non-supplement keyword: 'gemstone',gemstone
B0DQWY1P7W,"alilang natural stone pendant irregular healing crystal raw quartz handmade wrapped gemstone necklace for women men, rock crystal",alilang,other alternative medicine,REMAP,Contains non-supplement keyword: 'gemstone',gemstone
B0DRCNJZFM,amazing gemstone amazonite orgone crystal pendulums for divination and dowsing crystal pendulum with true pendulum motion spritual crystal,amazing gemstone,other alternative medicine,REMAP,Contains non-supplement keyword: 'gemstone',gemstone
B0DRCQ6PQ2,amazing gemstone black and white tourmaline orgone crystal pendulums for divination and dowsing crystal pendulum with true pendulum motion spritual crystal,amazing gemstone,other alternative medicine,REMAP,Contains non-supplement keyword: 'gemstone',gemstone
B0DRCYVFP8,jic gem pietersite crystal tower natural healing crystal point 4 sides spiral tower energy gemstone home decor 0.6-1.1 lbs,jic gem,other alternative medicine,REMAP,Contains non-supplement keyword: 'gemstone',gemstone
B0DRD7VMLB,"gjinxi 2pcs bracelet for women, natural stone healing crystal chakra bracelets, 8mm handmade beaded bracelet for spiritual blessing anxiety relief, adjustable stretch bracelets snmmer jewelry gift",gjinxi,other alternative medicine,REMAP,Contains non-supplement keyword: 'jewelry',jewelry
B0DSBXGH4M,"tumbled amethyst stones bulk, 20 pcs 1/2 - 1 size handpicked natural tumbled polished healing crystals gemstones for jewelry making, decoration, healing stone, reiki, chakra and home decoration",ebristar,other alternative medicine,REMAP,Contains non-supplement keyword: 'jewelry',jewelry
B0DSFDS9DS,jovivi 2pcs thumb worry stones for anxiety natural amethyst tiger eye heart gemstone pocket stones hand carved healing crystals reiki palm stone for women meditation gifts,jovivi,other alternative medicine,REMAP,Contains non-supplement keyword: 'gemstone',gemstone
B0DSHRSZFN,"nasal irrigation system, electric sinus cleaner neti pot machine with 6 tips,4 modes for sinus rinse, nasal irrigator with 40 nasal saline packets (1 pack)",heyaxa,sinus medicine,REMAP,Contains non-supplement keyword: 'machine',machine
B0DSJ7ZTQ2,qinjiejie tigers eye 20 pcs healing crystals stones sets wands bulk natural pocket crystal towers assorted pointed reiki gemstones polished energy meditation chakra gifts for women men,qinjiejie,other alternative medicine,REMAP,Contains non-supplement keyword: 'gemstone',gemstone
B0DST342PF,"tibetan natural black obsidian mala beads 108, protection healing crystal beaded bracelets, meditation golden sheen gemstone necklace for women men, buddhist energy prayer beads japa mala (6mm)",handmade,other alternative medicine,REMAP,Contains non-supplement keyword: 'gemstone',gemstone
B0DTDBD8FM,"bonny boxx bonny boxx braided genuine 4mm citrine - stone of abundance - bracelet, elegant handcrafted natural gemstone crystal bracelet healing power energy inspirational gifts with card for unisex",bonny boxx,other alternative medicine,REMAP,Contains non-supplement keyword: 'gemstone',gemstone
B0DTGGRN71,"chakra healing energy beaded bracelet, real gemstones, genuine turquoise throat chakra expression, adjustable chain, sterling silver clasp, gift for her, layering bracelets (multi gemstones)",pink cloud,other alternative medicine,REMAP,Contains non-supplement keyword: 'gemstone',gemstone
B0DTTLJM15,"giantree 3pcs gummy bear key chain, cute resin macaron bear keychains, candy pendants, key ring accessories, keychains car bagkeys pendant keyring jewelry for girls women",giantree,elderberry herbal supplements,REMAP,Contains non-supplement keyword: 'jewelry',jewelry
B0DXC2LLVD,jovivi amethyst crystal cross necklace for women natural healing crystal stone cross gemstone pendant necklace with adjustable 18 stainless steel layered chain,jovivi,other alternative medicine,REMAP,Contains non-supplement keyword: 'gemstone',gemstone
B0DXC6QSRY,jovivi crystal cross necklace for women natural healing crystal stone cross gemstone pendant necklace with adjustable 18 stainless steel layered chain,jovivi,other alternative medicine,REMAP,Contains non-supplement keyword: 'gemstone',gemstone
B0DY81ZK8R,amazing gemstone green tourmaline in quartz crystal points bulk healing crystals stones - pack of 3 double terminated healing wand point bulk crystals for craft,amazing gemstone,other alternative medicine,REMAP,Contains non-supplement keyword: 'gemstone',gemstone
B0DYJJ9RSV,jovivi chakra bracelets for women adjustable 7 chakra healing crystals stone beaded bracelet natural gemstone reiki jewelry anxiety birthday gifts for her,jovivi,other alternative medicine,REMAP,Contains non-supplement keyword: 'jewelry',jewelry
B0DZCYYNKY,"gangesindiaârainbowmoonstonestatue,naturalcrystalgemstoneangel,2inchespocketguardianfigurinesforblessings&spiritualgift",gangesindia,other alternative medicine,REMAP,Contains non-supplement keyword: 'gemstone',gemstone
B0DZHDCFB7,"gangesindiaâtigereyeguardianangelbeautifulgemstonestatue2inchesânaturalcrystalangelâhand-carvedangelcharmsforprotection,love,peace,andpositiveenergyâangelfigurinesdãcor",gangesindia,other alternative medicine,REMAP,Contains non-supplement keyword: 'gemstone',gemstone
B0DZHKQ5SR,"amoystone 1 lbs bulk mixed mineral crystal cluster in gift box, 1-2 raw gemstone for home decoration, crystal collectors unique gift idea",amoystone,other alternative medicine,REMAP,Contains non-supplement keyword: 'gemstone',gemstone
B0F13YR952,"gangesindiaâcarneliancrystalgemstonetree,gemstonetreeforpositiveenergychakratreeoflife,gemstonesandcrystals",gangesindia,other alternative medicine,REMAP,Contains non-supplement keyword: 'gemstone',gemstone
B0F189N2M3,"patikil heart crystals stone, 20 pcs natural crystal polished love gemstone rose quartz pocket bulk set balancing meditation gifts for mother women birthday, dark purple",patikil,other alternative medicine,REMAP,Contains non-supplement keyword: 'gemstone',gemstone
B0F18JB4NS,"patikil heart crystals stone, 10 pcs natural crystal polished love gemstone rose quartz pocket bulk set balancing meditation gifts for mother women birthday, black",patikil,other alternative medicine,REMAP,Contains non-supplement keyword: 'gemstone',gemstone
B0F18NCG3Z,"patikil heart crystals stone, 20 pcs natural crystal polished love gemstone rose quartz pocket bulk set balancing meditation gifts for mother women birthday, colorful black",patikil,other alternative medicine,REMAP,Contains non-supplement keyword: 'gemstone',gemstone
B0F1FXPJPJ,"bonny boxx braided genuine 10mm black tourmaline - stone of protection - bracelet, elegant handcrafted natural gemstone crystal bracelet healing power energy inspirational gifts with card for unisex",bonny boxx,other alternative medicine,REMAP,Contains non-supplement keyword: 'gemstone',gemstone
B0F1SM141T,crystaltears amethyst crystal witches rune stones healing crystals gemstone engraved with reiki rune symbol natural amethyst stones set for witchcraft reiki healing divination meditation,crystaltears,other alternative medicine,REMAP,Contains non-supplement keyword: 'gemstone',gemstone
B0F1SWDL2T,crystaltears black obsidian crystal witches rune stones healing crystals gemstone engraved with reiki rune symbol natural obsidian stones set for witchcraft reiki healing divination meditation,crystaltears,other alternative medicine,REMAP,Contains non-supplement keyword: 'gemstone',gemstone
B0F1TLPJVQ,manifo 7 chakra crystal tree stones tree with glass base gemstone trees for positive energy office decor fengshui tree gift,manifo,other alternative medicine,REMAP,Contains non-supplement keyword: 'gemstone',gemstone
B0F2472SC7,runyangshi 12pcs crystal tree set tree of life natural crystal healing stones with bonsai base gemstone trees fengshui good luck positive energy home decor,runyangshi,other alternative medicine,REMAP,Contains non-supplement keyword: 'gemstone',gemstone
B0F2FQ715D,qinjiejie 1.6-2.0 unakite healing crystals tumbled stones polished rocks 2pcs large worry stone gemstones rocks for energy witchcraft meditation diy decoration gifts for women men,qinjiejie,other alternative medicine,REMAP,Contains non-supplement keyword: 'gemstone',gemstone
B0F2FQRYPN,qinjiejie 2pcs 1.6-2.0 white howlite healing crystals tumbled stones polished rocks large worry stones gemstones rocks for energy witchcraft meditation diy decoration gifts for women men,qinjiejie,other alternative medicine,REMAP,Contains non-supplement keyword: 'gemstone',gemstone
B0F2MNYBK4,"awizom lotus crystal display tray wooden crystal storage holder for showcase your gems, healing stones & treasures -11.02x7.8 inch bamboo gemstone rock bowl jewelry display tray organizer (classic)",awizom,other alternative medicine,REMAP,Contains non-supplement keyword: 'jewelry',jewelry
B0F38NRRDV,"mabor tiger eye beaded bracelet for men women, tiger eye beads hematite and black obsidian jewelry natural stone healing energy crystal for family and friends bracelets",mabor,other alternative medicine,REMAP,Contains non-supplement keyword: 'jewelry',jewelry
B0F3HV9WHG,"colorfey protection crystal black tourmaline bracelet for men, raw tourmaline stone bracelets unique healing crystal gemstone bracelet, premium handmade bead bracelets positive energy gift for him",colorfey,other alternative medicine,REMAP,Contains non-supplement keyword: 'gemstone',gemstone
B0F3VSG8NG,"lamuseland essential oil nasal inhaler, 1pack pure and natural peppermint double holes aromatherapy nasal stick set for tension stress relief and focus boost (12)",lamuseland,sinus medicine,REMAP,Contains non-supplement keyword: 'essential oil',essential oil
B0F4311JZD,"lamuseland essential oil nasal inhaler, natural and organic plant 6 flavors nasal stick energy bar for sinus & congestion relief, daily relaxation and energy boost (f)",lamuseland,sinus medicine,REMAP,Contains non-supplement keyword: 'essential oil',essential oil
B0F43QMF8X,"naturalgemstonecabochonslotâ3pcspolishedloosestones(15â30mm)âmulti-shapehealingcrystalsforwirewrapping,jewelrymaking&spiritualcrafts",jaguar gems,other alternative medicine,REMAP,Contains non-supplement keyword: 'jewelry',jewelry
B0F4RJ3MQZ,"amazing gemstone azurite malachite crystals & healing stones - premium semi precious gem stones for spiritual growth - healing crystals geode clusters for meditation, chakra balance & energy (m)",amazing gemstone,other alternative medicine,REMAP,Contains non-supplement keyword: 'gemstone',gemstone
B0F4RJPMT3,"amazing gemstone vanadinite crystals and healing stones mineral specimen - semi precious gem stones - healing crystals geode clusters for meditation, chakra balance, and energy (m)",amazing gemstone,other alternative medicine,REMAP,Contains non-supplement keyword: 'gemstone',gemstone
B0F5GKV8JM,"haskare tiger eye crystal bracelets for men, natural tiger eye bracelet multicolored men beads bracelet healing crystal gemstone durable wire beaded bracelet unique gifts for balance luck prosperity",haskare,other alternative medicine,REMAP,Contains non-supplement keyword: 'gemstone',gemstone
B0F5H6QBP2,"haskare men's tiger eye crystal bracelets, natural tiger eye bracelet multicolored men beads bracelet healing crystal gemstone durable wire beaded bracelet unique gifts for balance luck prosperity",haskare,other alternative medicine,REMAP,Contains non-supplement keyword: 'gemstone',gemstone
B0F62BJVSQ,"nuenen 50 pcs worry stones for anxiety teardrop crystal bulk waterdrop gemstone thumb healing stress pocket stone teardrop pendants bulk decor for diy meditation (mixed,1.18 x 0.71 x 0.24 inch)",nuenen,other alternative medicine,REMAP,Contains non-supplement keyword: 'gemstone',gemstone
B0F63H8VCS,"karelian heritage evil eye triple protection bracelet negative energy blocker with shungite, hematite and tiger eye  crystal healing jewelry for women men bo131",karelian heritage,other alternative medicine,REMAP,Contains non-supplement keyword: 'jewelry',jewelry
B0F63PFDR1,"terpsichore magnesium lotion for kids sleep & calm: topical magnesium cream supports children bedtime & night calming - free of melatonin, lavender (3.38 fl oz)",terpsichore,magnesium supplements,REMAP,Contains non-supplement keyword: 'lotion',lotion
B0F664S57Q,sureio 24pcs slug keychains cool worm party supplies glitter gummy worm soft silicone fidget keychain for men women backpack book birthday gifts,sureio,elderberry herbal supplements,REMAP,Contains non-supplement keyword: 'book',book
B0F6746D6H,100 pcs worm bookmarks bulk for kids cute holographic glitter gummy worm fun bookmarks for book lovers adults teacher funny reading gifts bookish party favors,skyygemm,elderberry herbal supplements,REMAP,Contains non-supplement keyword: 'book',book
B0F6CTMCBB,"anima protection crystal set - raw obsidian, black tourmaline, smoky quartz, labradorite & selenite crystal for protection, grounding & transmutation - presented in elegant gift box with guide booklet",anima,other alternative medicine,REMAP,Contains non-supplement keyword: 'book',book
B0F6MDGPKB,"pesoenth obsidian,2pc 1.57-2.17 large raw black obsidian crystals and healing stones,natural gemstones rock rough stone for crystal lovers reiki spiritual gifts",pesoenth,other alternative medicine,REMAP,Contains non-supplement keyword: 'gemstone',gemstone
B0F6MFZS77,"pesoenth green aventurine crystal,2pc 1.57-2.17 large green aventurine raw crystals and healing stones,natural gemstones rock rough stone for crystal lovers reiki spiritual gifts",pesoenth,other alternative medicine,REMAP,Contains non-supplement keyword: 'gemstone',gemstone
B0F6MH2M9B,"pesoenth amethyst crystal,2pc 1.57-2.17 large amethyst raw crystals and healing stones,natural gemstones purple rock rough stone for crystal lovers reiki spiritual gifts",pesoenth,other alternative medicine,REMAP,Contains non-supplement keyword: 'gemstone',gemstone
B0F6TK14D5,2 pcs thumb worry stones for anxiety tigers eye amethyst healing crystals stones pocket hand carved thumb natural stone oval gemstones meditation reiki relax palm stone anxiety relief,divina vitae,other alternative medicine,REMAP,Contains non-supplement keyword: 'gemstone',gemstone
B0F6TMQP1P,"patikil 20 pcs natural heart shaped crystal stone, 1 inch mini polished love gemstone crystal, pocket rock engraved worry stones for women gifts meditation, dark blue",patikil,other alternative medicine,REMAP,Contains non-supplement keyword: 'gemstone',gemstone
B0F6V5GJG1,"patikil 20 pcs natural heart shaped crystal stone, 1 inch mini polished love gemstone crystal, pocket rock engraved worry stones for women gifts meditation, light coral",patikil,other alternative medicine,REMAP,Contains non-supplement keyword: 'gemstone',gemstone
B0F7FGKG9S,"patikil thumb worry stone for anxiety, 1.6 natural heart crystal stone, polished gemstone hand carved pocket rock anxiety crystals for women stress gifts meditation, cyan blue",patikil,other alternative medicine,REMAP,Contains non-supplement keyword: 'gemstone',gemstone
B0F7H38DZH,paraguard cleanse detox pills - intestinal guard formula supplement with black walnut wormwood clove & oregano pills - adults natural herbal intestine body gut cleanser adults complete kit 30 capsules,dr. bo,weight loss detox & cleanse,REMAP,Contains non-supplement keyword: 'cleanser',cleanser
B0F7LPJMG9,"topicalmagnesiumcreamforsleepâsoothingmagnesiumlotionforlegs,feet,andbodyâinfusedwithnaturalherbalextractsâ4.2oz/120ml(packof1)",aosorw,magnesium supplements,REMAP,Contains non-supplement keyword: 'lotion',lotion
B0F7LVVPFQ,amazing gemstone caribbean calcite crystal towers ~ healing crystal crystal (2 to 3 inch),amazing gemstone,other alternative medicine,REMAP,Contains non-supplement keyword: 'gemstone',gemstone
B0F7LXSPJZ,"amazing gemstone caribbean calcite crystals and healing stones - large palm stone piedra for good luck, balanced positive energy, meditation - unique stocking stuffers, birthday gifts",amazing gemstone,other alternative medicine,REMAP,Contains non-supplement keyword: 'gemstone',gemstone
B0F8V7W4Y5,"crystals and healing stones lamp with led wooden base, mixed chakra gemstones healing crystal set for office women meditation accessories positive energy spiritual gifts reiki home decor",lamptobe,other alternative medicine,REMAP,Contains non-supplement keyword: 'gemstone',gemstone
B0F9FGSWK1,"ph pandahall natural amethyst perfume bottle necklace, heart shape essential oil diffuser bottle real amethyst crystal stone necklace golden chain for women jewelry, purple, 1 piece",ph pandahall,other alternative medicine,REMAP,Contains non-supplement keyword: 'jewelry',jewelry
B0F9FJ3V3S,"ph pandahall natural quartz crystal perfume bottle necklace, heart shape essential oil diffuser bottle real clear quartz gemstone necklace golden chain for women jewelry, 1 piece",ph pandahall,other alternative medicine,REMAP,Contains non-supplement keyword: 'jewelry',jewelry
B0F9NZ2TT7,alextinaopaliteoctoberbirthstonebraceletforwomenâwhitecrystalbeadednaturalstonebraceletâcourageconfidenceself-lovehealingjewelrybirthdaygift,alextina,other alternative medicine,REMAP,Contains non-supplement keyword: 'jewelry',jewelry
B0F9X67GNM,"amazing gemstone premium clear quartz pyramid crystal healing stones - 1 great pyramid figurine of natural stone pyramid for meditation, reiki, chakra balancing and crystal pyramids grid",amazing gemstone,other alternative medicine,REMAP,Contains non-supplement keyword: 'gemstone',gemstone
B0F9XSWWWY,joycuff crystal necklaces for women energy healing stone necklaces for women anxiety relief empath protection new beginnings protection spiritual jewelry,joycuff,other alternative medicine,REMAP,Contains non-supplement keyword: 'jewelry',jewelry
B0F9XW4NMV,"pantide pantide something blue gift for bride heart healing crystal - bride to be blue natural heart shaped agate reiki gemstones stones with card, bridal shower wedding bachelorette party supplies gifts",pantide,other alternative medicine,REMAP,Contains non-supplement keyword: 'gemstone',gemstone
B0F9XWPML9,joycuff crystal necklaces for women energy healing stone necklaces for women anxiety relief empath protection new beginnings protection spiritual jewelry,joycuff,other alternative medicine,REMAP,Contains non-supplement keyword: 'jewelry',jewelry
B0F9XWSJWQ,joycuff crystal necklaces for women energy healing stone necklaces for women anxiety relief empath protection new beginnings protection spiritual jewelry,joycuff,other alternative medicine,REMAP,Contains non-supplement keyword: 'jewelry',jewelry
B0F9Y8VHR1,"amazing gemstone carribean calcite pyramid crystal healing stones - 2 great pyramid figurine of natural stone pyramid for meditation, reiki, chakra balancing and crystal pyramids grid",amazing gemstone,other alternative medicine,REMAP,Contains non-supplement keyword: 'gemstone',gemstone
B0F9YN7RND,teenyyou 24 sets you rock crystal gemstone with cards organza bags for employee appreciation back to school teacher gift students staff coworkers thank you gifts party favors (inspirational),teenyyou,other alternative medicine,REMAP,Contains non-supplement keyword: 'gemstone',gemstone
B0FCLXYRQW,"lamuseland essential oil nasal inhaler, natural and organic plant 6 flavors nasal stick energy bar for sinus & congestion relief, daily relaxation and energy boost (h)",lamuseland,sinus medicine,REMAP,Contains non-supplement keyword: 'essential oil',essential oil
B0FCRTY6JL,landical 24 pieces stainless steel crystal cage necklace adjustable metal crystal holder necklace interchangeable gemstone jewelry metal empty pendant net for women men,landical,other alternative medicine,REMAP,Contains non-supplement keyword: 'jewelry',jewelry
B0FDDJF9SL,"plant guru fractionated coconut oil 32 fl. oz 100% pure mct natural carrier - skin, face, body, massage and hair growth moisturizer, great for diluting aromatherapy essential oils",plant guru,mct oil,REMAP,Contains non-supplement keyword: 'essential oil',essential oil
B0FFRCL6QR,"mortonsaltcleanenzymepoolclarifierâall-naturalweeklymaintenanceforsaltwaterpoolsâbreaksdownoils,lotion,scum&organicwasteâsupportsfilterefficiencyâ32ozliquid",morton salt,enzyme supplements,REMAP,Contains non-supplement keyword: 'lotion',lotion
B0FG7R9K9L,7 chakra necklace 925 sterling silver lotus flower rainbow stones yoga chakra energy balance pendant jewelry for women spiritual healing,flyow,other alternative medicine,REMAP,Contains non-supplement keyword: 'jewelry',jewelry
