amazon_subcategory,action,nw_category,nw_subcategory,notes,old_nw_category,old_nw_subcategory,change_source,change_notes
acetyl-l-carnitine amino acids,REMAP,BASIC VITAMINS & MINERALS,AMINO ACIDS,Maps to AMINO ACIDS / AMINO ACIDS,AMINO ACIDS,AMINO ACIDS,NA_Test_for_FI.xlsx (2022 Taxonomy Update),Updated from OLD: 'AMINO ACIDS/AMINO ACIDS' → NEW: 'BASIC VITAMINS & MINERALS/AMINO ACIDS'
acne & blemish treatments,REMOVE,,,Non-supplement category,,,REMOVE action,Non-supplement - no category mapping needed
acupressure & acupuncture supplies,REMOVE,,,Non-supplement category,,,REMOVE action,Non-supplement - no category mapping needed
adhesive bandages,REMOVE,,,Non-supplement category,,,REMOVE action,Non-supplement - no category mapping needed
allergy  sinus & asthma supplies,REMOVE,,,Non-supplement category,,,REMOVE action,Non-supplement - no category mapping needed
allergy medicine,REMOVE,,,Non-supplement category,,,REMOVE action,Non-supplement - no category mapping needed
"allergy, sinus & asthma supplies",REMOVE,,,Non-supplement category,,,REMOVE action,Non-supplement - no category mapping needed
allspice spice,REMOVE,,,Non-supplement category,,,REMOVE action,Non-supplement - no category mapping needed
almonds,REMOVE,,,Non-supplement category,,,REMOVE action,Non-supplement - no category mapping needed
aloe vera herbal supplements,REMAP,HERBAL REMEDIES,NON-SPECIFIC,Maps to HERBAL REMEDIES / NON-SPECIFIC,,,Original (No change needed),Already using NEW taxonomy
alternative medicine flower essences,REMAP,HERBAL REMEDIES,FLOWER ESSENCES,Maps to FLOWER ESSENCES / FLOWER ESSENCES,FLOWER ESSENCES,FLOWER ESSENCES,NA_Test_for_FI.xlsx (2022 Taxonomy Update),Updated from OLD: 'FLOWER ESSENCES/FLOWER ESSENCES' → NEW: 'HERBAL REMEDIES/FLOWER ESSENCES'
alternative medicine light therapy,REMOVE,,,Non-supplement category,,,REMOVE action,Non-supplement - no category mapping needed
alternative medicine sound therapy,REMOVE,,,Non-supplement category,,,REMOVE action,Non-supplement - no category mapping needed
amino blends & bcaas,REMAP,BASIC VITAMINS & MINERALS,AMINO ACIDS,Maps to AMINO ACIDS / AMINO ACIDS,AMINO ACIDS,AMINO ACIDS,NA_Test_for_FI.xlsx (2022 Taxonomy Update),Updated from OLD: 'AMINO ACIDS/AMINO ACIDS' → NEW: 'BASIC VITAMINS & MINERALS/AMINO ACIDS'
anise seeds spice,REMOVE,,,Non-supplement category,,,REMOVE action,Non-supplement - no category mapping needed
antacids,REMAP,PROBIOTICS+,DIGESTIVE AIDS & ENZYMES,Maps to DIGESTIVE AIDS & ENZYMES / DIGESTIVE AIDS & ENZYMES,DIGESTIVE AIDS & ENZYMES,DIGESTIVE AIDS & ENZYMES,NA_Test_for_FI.xlsx (2022 Taxonomy Update),Updated from OLD: 'DIGESTIVE AIDS & ENZYMES/DIGESTIVE AIDS & ENZYMES' → NEW: 'PROBIOTICS+/DIGESTIVE AIDS & ENZYMES'
anti-chafing products,REMOVE,,,Non-supplement category,,,REMOVE action,Non-supplement - no category mapping needed
antibiotic ointments,REMOVE,,,Non-supplement category,,,REMOVE action,Non-supplement - no category mapping needed
antifungal treatments,REMOVE,,,Non-supplement category,,,REMOVE action,Non-supplement - no category mapping needed
antioxidants,REMAP,BASIC VITAMINS & MINERALS,MINERALS,Maps to BASIC VITAMINS & MINERALS / MINERALS,,,Original (No change needed),Already using NEW taxonomy
antiseptic cleansing cloths  swabs & wipes,REMOVE,,,Non-supplement category,,,REMOVE action,Non-supplement - no category mapping needed
"antiseptic cleansing cloths, swabs & wipes",REMOVE,,,Non-supplement category,,,REMOVE action,Non-supplement - no category mapping needed
antiseptic treatments,REMOVE,,,Non-supplement category,,,REMOVE action,Non-supplement - no category mapping needed
appetite control & suppressants,REMAP,BASIC VITAMINS & MINERALS,LETTER VITAMINS,Maps to BASIC VITAMINS & MINERALS / LETTER VITAMINS,,,Original (No change needed),Already using NEW taxonomy
apple cider vinegar supplements,REMAP,HERBAL REMEDIES,FOOD SUPPLEMENTS,Maps to HERBAL REMEDIES / FOOD SUPPLEMENTS,,,Original (No change needed),Already using NEW taxonomy
apple cider vinegars,REMOVE,,,Non-supplement category,,,REMOVE action,Non-supplement - no category mapping needed
aromatherapy & essential oils,REMOVE,,,Non-supplement category,,,REMOVE action,Non-supplement - no category mapping needed
aromatherapy products & supplies,REMOVE,,,Non-supplement category,,,REMOVE action,Non-supplement - no category mapping needed
ashwagandha herbal supplements,REMAP,HERBAL REMEDIES,NON-SPECIFIC,Maps to HERBAL REMEDIES / NON-SPECIFIC,,,Original (No change needed),Already using NEW taxonomy
asthma medicine,REMOVE,,,Non-supplement category,,,REMOVE action,Non-supplement - no category mapping needed
athletic & medical tape,REMOVE,,,Non-supplement category,,,REMOVE action,Non-supplement - no category mapping needed
athletic tape & supplies,REMOVE,,,Non-supplement category,,,REMOVE action,Non-supplement - no category mapping needed
baby body wash & soaps,REMOVE,,,Non-supplement category,,,REMOVE action,Non-supplement - no category mapping needed
baby colic & gas relief,REMAP,HOMEOPATHICS,NON-SPECIFIC,Maps to HOMEOPATHICS / NON-SPECIFIC,,,Original (No change needed),Already using NEW taxonomy
baby grooming & healthcare kits,REMOVE,,,Non-supplement category,,,REMOVE action,Non-supplement - no category mapping needed
baby health products,REMOVE,,,Non-supplement category,,,REMOVE action,Non-supplement - no category mapping needed
baby nail care,REMOVE,,,Non-supplement category,,,REMOVE action,Non-supplement - no category mapping needed
balance trainers,REMOVE,,,Non-supplement category,,,REMOVE action,Non-supplement - no category mapping needed
balsamic vinegars,REMOVE,,,Non-supplement category,,,REMOVE action,Non-supplement - no category mapping needed
bandage pads & gauze,REMOVE,,,Non-supplement category,,,REMOVE action,Non-supplement - no category mapping needed
bandaging pads,REMOVE,,,Non-supplement category,,,REMOVE action,Non-supplement - no category mapping needed
bandaging pads & covers,REMOVE,,,Non-supplement category,,,REMOVE action,Non-supplement - no category mapping needed
bar soaps,REMOVE,,,Non-supplement category,,,REMOVE action,Non-supplement - no category mapping needed
basil leaf spice,REMOVE,,,Non-supplement category,,,REMOVE action,Non-supplement - no category mapping needed
bath bombs,REMOVE,,,Non-supplement category,,,REMOVE action,Non-supplement - no category mapping needed
bath salts,REMOVE,,,Non-supplement category,,,REMOVE action,Non-supplement - no category mapping needed
bay leaf spice,REMOVE,,,Non-supplement category,,,REMOVE action,Non-supplement - no category mapping needed
bcaas,REMAP,BASIC VITAMINS & MINERALS,AMINO ACIDS,Maps to AMINO ACIDS / AMINO ACIDS,AMINO ACIDS,AMINO ACIDS,NA_Test_for_FI.xlsx (2022 Taxonomy Update),Updated from OLD: 'AMINO ACIDS/AMINO ACIDS' → NEW: 'BASIC VITAMINS & MINERALS/AMINO ACIDS'
beet root supplements,REMAP,HERBAL REMEDIES,NON-SPECIFIC,Maps to HERBAL REMEDIES / NON-SPECIFIC,,,Original (No change needed),Already using NEW taxonomy
bike trainers & accessories,REMOVE,,,Non-supplement category,,,REMOVE action,Non-supplement - no category mapping needed
bitters cocktail mixers,REMOVE,,,Non-supplement category,,,REMOVE action,Non-supplement - no category mapping needed
blended supplements & vitamins,REMAP,MISCELLANEOUS SUPPLEMENTS,NON-SPECIFIC,Maps to MISCELLANEOUS SUPPLEMENTS / NON-SPECIFIC,,,Original (No change needed),Already using NEW taxonomy
bloody mary cocktail mixers,REMOVE,,,Non-supplement category,,,REMOVE action,Non-supplement - no category mapping needed
body butter,REMOVE,,,Non-supplement category,,,REMOVE action,Non-supplement - no category mapping needed
body butters,REMOVE,,,Non-supplement category,,,REMOVE action,Non-supplement - no category mapping needed
body care sets,REMOVE,,,Non-supplement category,,,REMOVE action,Non-supplement - no category mapping needed
body care sets & kits,REMOVE,,,Non-supplement category,,,REMOVE action,Non-supplement - no category mapping needed
body cleansing wipes,REMOVE,,,Non-supplement category,,,REMOVE action,Non-supplement - no category mapping needed
body creams,REMOVE,,,Non-supplement category,,,REMOVE action,Non-supplement - no category mapping needed
body creams & lotions,REMOVE,,,Non-supplement category,,,REMOVE action,Non-supplement - no category mapping needed
body groomers,REMOVE,,,Non-supplement category,,,REMOVE action,Non-supplement - no category mapping needed
body groomers & brushes,REMOVE,,,Non-supplement category,,,REMOVE action,Non-supplement - no category mapping needed
body lotions,REMOVE,,,Non-supplement category,,,REMOVE action,Non-supplement - no category mapping needed
body oils,REMOVE,,,Non-supplement category,,,REMOVE action,Non-supplement - no category mapping needed
body scrubs & body treatments,REMOVE,,,Non-supplement category,,,REMOVE action,Non-supplement - no category mapping needed
body washes,REMOVE,,,Non-supplement category,,,REMOVE action,Non-supplement - no category mapping needed
body washes & shower gels,REMOVE,,,Non-supplement category,,,REMOVE action,Non-supplement - no category mapping needed
books,REMOVE,,,Non-supplement category,,,REMOVE action,Non-supplement - no category mapping needed
bubble baths & soaks,REMOVE,,,Non-supplement category,,,REMOVE action,Non-supplement - no category mapping needed
burn & rash relief,REMOVE,,,Non-supplement category,,,REMOVE action,Non-supplement - no category mapping needed
butter,REMOVE,,,Non-supplement category,,,REMOVE action,Non-supplement - no category mapping needed
calcium ascorbate,REMAP,BASIC VITAMINS & MINERALS,MINERALS,Maps to BASIC VITAMINS & MINERALS / MINERALS,,,Original (No change needed),Already using NEW taxonomy
calcium citrate supplements,REMAP,BASIC VITAMINS & MINERALS,MINERALS,Maps to BASIC VITAMINS & MINERALS / MINERALS,,,Original (No change needed),Already using NEW taxonomy
calcium magnesium supplements,REMAP,BASIC VITAMINS & MINERALS,MINERALS,Maps to BASIC VITAMINS & MINERALS / MINERALS,,,Original (No change needed),Already using NEW taxonomy
calcium supplements,REMAP,BASIC VITAMINS & MINERALS,MINERALS,Maps to BASIC VITAMINS & MINERALS / MINERALS,,,Original (No change needed),Already using NEW taxonomy
calcium vitamin d combination supplements,REMAP,BASIC VITAMINS & MINERALS,MINERALS,Maps to BASIC VITAMINS & MINERALS / MINERALS,,,Original (No change needed),Already using NEW taxonomy
calcium-vitamin d combination supplements,REMAP,BASIC VITAMINS & MINERALS,MINERALS,Maps to BASIC VITAMINS & MINERALS / MINERALS,,,Original (No change needed),Already using NEW taxonomy
canola,REMOVE,,,Non-supplement category,,,REMOVE action,Non-supplement - no category mapping needed
canola oil,REMOVE,,,Non-supplement category,,,REMOVE action,Non-supplement - no category mapping needed
caraway seed spice,REMOVE,,,Non-supplement category,,,REMOVE action,Non-supplement - no category mapping needed
cardamom seed spice,REMOVE,,,Non-supplement category,,,REMOVE action,Non-supplement - no category mapping needed
cardio training,REMOVE,,,Non-supplement category,,,REMOVE action,Non-supplement - no category mapping needed
carnitine amino acids,REMAP,BASIC VITAMINS & MINERALS,AMINO ACIDS,Maps to AMINO ACIDS / AMINO ACIDS,AMINO ACIDS,AMINO ACIDS,NA_Test_for_FI.xlsx (2022 Taxonomy Update),Updated from OLD: 'AMINO ACIDS/AMINO ACIDS' → NEW: 'BASIC VITAMINS & MINERALS/AMINO ACIDS'
cashews,REMOVE,,,Non-supplement category,,,REMOVE action,Non-supplement - no category mapping needed
cat catnip treats,REMOVE,,,Non-supplement category,,,REMOVE action,Non-supplement - no category mapping needed
cat claw care,REMOVE,,,Non-supplement category,,,REMOVE action,Non-supplement - no category mapping needed
cat dental care,REMOVE,,,Non-supplement category,,,REMOVE action,Non-supplement - no category mapping needed
cat digestive remedies,REMOVE,,,Non-supplement category,,,REMOVE action,Non-supplement - no category mapping needed
cat flea & tick collars,REMOVE,,,Non-supplement category,,,REMOVE action,Non-supplement - no category mapping needed
cat flea & tick drops,REMOVE,,,Non-supplement category,,,REMOVE action,Non-supplement - no category mapping needed
cat hairball remedy pastes & gels,REMOVE,,,Non-supplement category,,,REMOVE action,Non-supplement - no category mapping needed
cat health supplements,REMOVE,,,Non-supplement category,,,REMOVE action,Non-supplement - no category mapping needed
cat hip & joint care,REMOVE,,,Non-supplement category,,,REMOVE action,Non-supplement - no category mapping needed
cat relaxants,REMOVE,,,Non-supplement category,,,REMOVE action,Non-supplement - no category mapping needed
cbd & hemp extract products,REMAP,FATTY ACIDS,HEMP/CBD,Maps to OIL CATEGORY / HEMP/CBD,OIL CATEGORY,HEMP/CBD,NA_Test_for_FI.xlsx (2022 Taxonomy Update),Updated from OLD: 'OIL CATEGORY/HEMP/CBD' → NEW: 'FATTY ACIDS/HEMP/CBD'
celery seed spice,REMOVE,,,Non-supplement category,,,REMOVE action,Non-supplement - no category mapping needed
cheddar cheese,REMOVE,,,Non-supplement category,,,REMOVE action,Non-supplement - no category mapping needed
cheese & charcuterie trays,REMOVE,,,Non-supplement category,,,REMOVE action,Non-supplement - no category mapping needed
cheese assortments & samplers,REMOVE,,,Non-supplement category,,,REMOVE action,Non-supplement - no category mapping needed
chest rubs,REMAP,HERBAL REMEDIES,NON-SPECIFIC,Maps to HERBAL/HOMEOPATHIC COLD & FLU / NON-SPECIFIC,HERBAL/HOMEOPATHIC COLD & FLU,NON-SPECIFIC,NA_Test_for_FI.xlsx (2022 Taxonomy Update),Updated from OLD: 'HERBAL/HOMEOPATHIC COLD & FLU/NON-SPECIFIC' → NEW: 'HERBAL REMEDIES/NON-SPECIFIC'
chest rubs & vapors,REMOVE,,,Non-supplement category,,,REMOVE action,Non-supplement - no category mapping needed
chia seeds,REMOVE,,,Non-supplement category,,,REMOVE action,Non-supplement - no category mapping needed
chili powder spice,REMOVE,,,Non-supplement category,,,REMOVE action,Non-supplement - no category mapping needed
chocolate drink mixes,REMOVE,,,Non-supplement category,,,REMOVE action,Non-supplement - no category mapping needed
choline supplements,REMAP,BASIC VITAMINS & MINERALS,LETTER VITAMINS,Maps to BASIC VITAMINS & MINERALS / LETTER VITAMINS,,,Original (No change needed),Already using NEW taxonomy
chondroitin & glucosamine,REMAP,MISCELLANEOUS SUPPLEMENTS,GLUCOSAMINE & CHONDROITIN,Maps to GLUCOSAMINE & CHONDROITIN / GLUCOSAMINE & CHONDROITIN,GLUCOSAMINE & CHONDROITIN,GLUCOSAMINE & CHONDROITIN,NA_Test_for_FI.xlsx (2022 Taxonomy Update),Updated from OLD: 'GLUCOSAMINE & CHONDROITIN/GLUCOSAMINE & CHONDROITIN' → NEW: 'MISCELLANEOUS SUPPLEMENTS/GLUCOSAMINE & CHONDROITIN'
chromium supplements,REMAP,BASIC VITAMINS & MINERALS,MINERALS,Maps to BASIC VITAMINS & MINERALS / MINERALS,,,Original (No change needed),Already using NEW taxonomy
cinnamon herbal supplements,REMAP,HERBAL REMEDIES,NON-SPECIFIC,Maps to HERBAL REMEDIES / NON-SPECIFIC,,,Original (No change needed),Already using NEW taxonomy
cinnamon spice,REMOVE,,,Non-supplement category,,,REMOVE action,Non-supplement - no category mapping needed
cla supplements,REMAP,ACTIVE NUTRITION,WEIGHT MANAGEMENT FORMULAS,Maps to WEIGHT MANAGEMENT FORMULAS / WEIGHT MANAGEMENT FORMULAS,WEIGHT MANAGEMENT FORMULAS,WEIGHT MANAGEMENT FORMULAS,NA_Test_for_FI.xlsx (2022 Taxonomy Update),Updated from OLD: 'WEIGHT MANAGEMENT FORMULAS/WEIGHT MANAGEMENT FORMULAS' → NEW: 'ACTIVE NUTRITION/WEIGHT MANAGEMENT FORMULAS'
cleansing cloths swabs & wipes,REMOVE,,,Non-supplement category,,,REMOVE action,Non-supplement - no category mapping needed
clothing,REMOVE,,,Non-supplement category,,,REMOVE action,Non-supplement - no category mapping needed
cloves spice,REMOVE,,,Non-supplement category,,,REMOVE action,Non-supplement - no category mapping needed
cocktail mixers & additives,REMOVE,,,Non-supplement category,,,REMOVE action,Non-supplement - no category mapping needed
cocoa,REMOVE,,,Non-supplement category,,,REMOVE action,Non-supplement - no category mapping needed
coconut,REMAP,FATTY ACIDS,COCONUT OIL,Maps to OIL CATEGORY / COCONUT OIL,OIL CATEGORY,COCONUT OIL,NA_Test_for_FI.xlsx (2022 Taxonomy Update),Updated from OLD: 'OIL CATEGORY/COCONUT OIL' → NEW: 'FATTY ACIDS/COCONUT OIL'
coconut oil,REMAP,FATTY ACIDS,COCONUT OIL,Maps to OIL CATEGORY / COCONUT OIL,OIL CATEGORY,COCONUT OIL,NA_Test_for_FI.xlsx (2022 Taxonomy Update),Updated from OLD: 'OIL CATEGORY/COCONUT OIL' → NEW: 'FATTY ACIDS/COCONUT OIL'
cold & flu relief,REMAP,HERBAL REMEDIES,NON-SPECIFIC,Maps to HERBAL/HOMEOPATHIC COLD & FLU / NON-SPECIFIC,HERBAL/HOMEOPATHIC COLD & FLU,NON-SPECIFIC,NA_Test_for_FI.xlsx (2022 Taxonomy Update),Updated from OLD: 'HERBAL/HOMEOPATHIC COLD & FLU/NON-SPECIFIC' → NEW: 'HERBAL REMEDIES/NON-SPECIFIC'
cold & flu treatments,REMAP,OTC,"OTC - COUGH, COLD & FLU","Maps to OTC / OTC - COUGH, COLD & FLU",,,Original (No change needed),Already using NEW taxonomy
cold & hot therapy,REMOVE,,,Non-supplement category,,,REMOVE action,Non-supplement - no category mapping needed
cold packs,REMOVE,,,Non-supplement category,,,REMOVE action,Non-supplement - no category mapping needed
cold sore & fever blister treatments,REMAP,HERBAL REMEDIES,NON-SPECIFIC,Maps to HERBAL/HOMEOPATHIC COLD & FLU / NON-SPECIFIC,HERBAL/HOMEOPATHIC COLD & FLU,NON-SPECIFIC,NA_Test_for_FI.xlsx (2022 Taxonomy Update),Updated from OLD: 'HERBAL/HOMEOPATHIC COLD & FLU/NON-SPECIFIC' → NEW: 'HERBAL REMEDIES/NON-SPECIFIC'
collagen supplements,REMAP,BASIC VITAMINS & MINERALS,MINERALS,Maps to BASIC VITAMINS & MINERALS / MINERALS,,,Original (No change needed),Already using NEW taxonomy
colloidal minerals supplements,REMAP,BASIC VITAMINS & MINERALS,MINERALS,Maps to BASIC VITAMINS & MINERALS / MINERALS,,,Original (No change needed),Already using NEW taxonomy
combined vitamin mineral supplements,REMAP,COMBINED MULTIVITAMINS,NON-SPECIFIC,Maps to COMBINED MULTIVITAMINS / NON-SPECIFIC,,,Original (No change needed),Already using NEW taxonomy
combined vitamin-mineral supplements,REMAP,COMBINED MULTIVITAMINS,NON-SPECIFIC,Maps to COMBINED MULTIVITAMINS / NON-SPECIFIC,,,Original (No change needed),Already using NEW taxonomy
cooking wine,REMOVE,,,Non-supplement category,,,REMOVE action,Non-supplement - no category mapping needed
coral calcium supplements,REMAP,BASIC VITAMINS & MINERALS,MINERALS,Maps to BASIC VITAMINS & MINERALS / MINERALS,,,Original (No change needed),Already using NEW taxonomy
coriander spice,REMOVE,,,Non-supplement category,,,REMOVE action,Non-supplement - no category mapping needed
cottage cheese,REMOVE,,,Non-supplement category,,,REMOVE action,Non-supplement - no category mapping needed
cough drops,REMAP,HERBAL REMEDIES,NON-SPECIFIC,Maps to HERBAL/HOMEOPATHIC COLD & FLU / NON-SPECIFIC,HERBAL/HOMEOPATHIC COLD & FLU,NON-SPECIFIC,NA_Test_for_FI.xlsx (2022 Taxonomy Update),Updated from OLD: 'HERBAL/HOMEOPATHIC COLD & FLU/NON-SPECIFIC' → NEW: 'HERBAL REMEDIES/NON-SPECIFIC'
cough drops & lozenges,REMAP,HERBAL REMEDIES,NON-SPECIFIC,Maps to HERBAL/HOMEOPATHIC COLD & FLU / NON-SPECIFIC,HERBAL/HOMEOPATHIC COLD & FLU,NON-SPECIFIC,NA_Test_for_FI.xlsx (2022 Taxonomy Update),Updated from OLD: 'HERBAL/HOMEOPATHIC COLD & FLU/NON-SPECIFIC' → NEW: 'HERBAL REMEDIES/NON-SPECIFIC'
cough syrups,REMAP,HERBAL REMEDIES,NON-SPECIFIC,Maps to HERBAL/HOMEOPATHIC COLD & FLU / NON-SPECIFIC,HERBAL/HOMEOPATHIC COLD & FLU,NON-SPECIFIC,NA_Test_for_FI.xlsx (2022 Taxonomy Update),Updated from OLD: 'HERBAL/HOMEOPATHIC COLD & FLU/NON-SPECIFIC' → NEW: 'HERBAL REMEDIES/NON-SPECIFIC'
cough syrups & liquids,REMAP,HERBAL REMEDIES,NON-SPECIFIC,Maps to HERBAL/HOMEOPATHIC COLD & FLU / NON-SPECIFIC,HERBAL/HOMEOPATHIC COLD & FLU,NON-SPECIFIC,NA_Test_for_FI.xlsx (2022 Taxonomy Update),Updated from OLD: 'HERBAL/HOMEOPATHIC COLD & FLU/NON-SPECIFIC' → NEW: 'HERBAL REMEDIES/NON-SPECIFIC'
cpap products & accessories,REMOVE,,,Non-supplement category,,,REMOVE action,Non-supplement - no category mapping needed
cranberry herbal supplements,REMAP,HERBAL REMEDIES,FOOD SUPPLEMENTS,Maps to HERBAL REMEDIES / FOOD SUPPLEMENTS,,,Original (No change needed),Already using NEW taxonomy
cream cheese,REMOVE,,,Non-supplement category,,,REMOVE action,Non-supplement - no category mapping needed
creatine amino acids,REMAP,BASIC VITAMINS & MINERALS,AMINO ACIDS,Maps to AMINO ACIDS / AMINO ACIDS,AMINO ACIDS,AMINO ACIDS,NA_Test_for_FI.xlsx (2022 Taxonomy Update),Updated from OLD: 'AMINO ACIDS/AMINO ACIDS' → NEW: 'BASIC VITAMINS & MINERALS/AMINO ACIDS'
cumin spice,REMOVE,,,Non-supplement category,,,REMOVE action,Non-supplement - no category mapping needed
curcumin herbal supplements,REMAP,HERBAL REMEDIES,NON-SPECIFIC,Maps to HERBAL REMEDIES / NON-SPECIFIC,,,Original (No change needed),Already using NEW taxonomy
decongestant sprays,REMAP,HERBAL REMEDIES,NON-SPECIFIC,Maps to HERBAL/HOMEOPATHIC COLD & FLU / NON-SPECIFIC,HERBAL/HOMEOPATHIC COLD & FLU,NON-SPECIFIC,NA_Test_for_FI.xlsx (2022 Taxonomy Update),Updated from OLD: 'HERBAL/HOMEOPATHIC COLD & FLU/NON-SPECIFIC' → NEW: 'HERBAL REMEDIES/NON-SPECIFIC'
dhea,REMAP,BASIC VITAMINS & MINERALS,DHEA & PREGNENOLONE & HORMONES,Maps to BASIC VITAMINS & MINERALS / DHEA & PREGNENOLONE & HORMONES,,,Original (No change needed),Already using NEW taxonomy
dhea supplements,REMAP,BASIC VITAMINS & MINERALS,DHEA & PREGNENOLONE & HORMONES,Maps to BASIC VITAMINS & MINERALS / DHEA & PREGNENOLONE & HORMONES,,,Original (No change needed),Already using NEW taxonomy
diarrhea relief,REMAP,PROBIOTICS+,DIGESTIVE AIDS & ENZYMES,Maps to DIGESTIVE AIDS & ENZYMES / DIGESTIVE AIDS & ENZYMES,DIGESTIVE AIDS & ENZYMES,DIGESTIVE AIDS & ENZYMES,NA_Test_for_FI.xlsx (2022 Taxonomy Update),Updated from OLD: 'DIGESTIVE AIDS & ENZYMES/DIGESTIVE AIDS & ENZYMES' → NEW: 'PROBIOTICS+/DIGESTIVE AIDS & ENZYMES'
dietary fibers,REMAP,PROBIOTICS+,FIBER PRODUCTS & LAXATIVES,Maps to FIBER PRODUCTS & LAXATIVES / FIBER PRODUCTS & LAXATIVES,FIBER PRODUCTS & LAXATIVES,FIBER PRODUCTS & LAXATIVES,NA_Test_for_FI.xlsx (2022 Taxonomy Update),Updated from OLD: 'FIBER PRODUCTS & LAXATIVES/FIBER PRODUCTS & LAXATIVES' → NEW: 'PROBIOTICS+/FIBER PRODUCTS & LAXATIVES'
dill spice,REMOVE,,,Non-supplement category,,,REMOVE action,Non-supplement - no category mapping needed
dog dental care,REMOVE,,,Non-supplement category,,,REMOVE action,Non-supplement - no category mapping needed
dog digestive remedies,REMOVE,,,Non-supplement category,,,REMOVE action,Non-supplement - no category mapping needed
dog dna test,REMOVE,,,Non-supplement category,,,REMOVE action,Non-supplement - no category mapping needed
dog dna tests,REMOVE,,,Non-supplement category,,,REMOVE action,Non-supplement - no category mapping needed
dog flea & tick collars,REMOVE,,,Non-supplement category,,,REMOVE action,Non-supplement - no category mapping needed
dog flea & tick drops,REMOVE,,,Non-supplement category,,,REMOVE action,Non-supplement - no category mapping needed
dog hip & joint care,REMOVE,,,Non-supplement category,,,REMOVE action,Non-supplement - no category mapping needed
dog supplements & vitamins,REMOVE,,,Non-supplement category,,,REMOVE action,Non-supplement - no category mapping needed
drug & alcohol test kits,REMOVE,,,Non-supplement category,,,REMOVE action,Non-supplement - no category mapping needed
drug test kits & supplies,REMOVE,,,Non-supplement category,,,REMOVE action,Non-supplement - no category mapping needed
drug tests,REMOVE,,,Non-supplement category,,,REMOVE action,Non-supplement - no category mapping needed
dry shampoo,REMOVE,,,Non-supplement category,,,REMOVE action,Non-supplement - no category mapping needed
echinacea herbal supplements,REMAP,HERBAL REMEDIES,NON-SPECIFIC,Maps to HERBAL/HOMEOPATHIC COLD & FLU / NON-SPECIFIC,HERBAL/HOMEOPATHIC COLD & FLU,NON-SPECIFIC,NA_Test_for_FI.xlsx (2022 Taxonomy Update),Updated from OLD: 'HERBAL/HOMEOPATHIC COLD & FLU/NON-SPECIFIC' → NEW: 'HERBAL REMEDIES/NON-SPECIFIC'
eczema psoriasis & rosacea care,REMOVE,,,Non-supplement category,,,REMOVE action,Non-supplement - no category mapping needed
eggs & egg substitutes,REMOVE,,,Non-supplement category,,,REMOVE action,Non-supplement - no category mapping needed
elderberry herbal supplements,REMAP,HERBAL REMEDIES,NON-SPECIFIC,Maps to HERBAL/HOMEOPATHIC COLD & FLU / NON-SPECIFIC,HERBAL/HOMEOPATHIC COLD & FLU,NON-SPECIFIC,NA_Test_for_FI.xlsx (2022 Taxonomy Update),Updated from OLD: 'HERBAL/HOMEOPATHIC COLD & FLU/NON-SPECIFIC' → NEW: 'HERBAL REMEDIES/NON-SPECIFIC'
electrolyte drink mixes,REMAP,ACTIVE NUTRITION,HYDRATION,Maps to ACTIVE NUTRITION / HYDRATION,,,Original (No change needed),Already using NEW taxonomy
electrolyte drink mixes & supplements,REMAP,ACTIVE NUTRITION,HYDRATION,Maps to ACTIVE NUTRITION / HYDRATION,,,Original (No change needed),Already using NEW taxonomy
electronic sanitizers & accessories,REMOVE,,,Non-supplement category,,,REMOVE action,Non-supplement - no category mapping needed
emergency contraceptives,REMOVE,,,Non-supplement category,,,REMOVE action,Non-supplement - no category mapping needed
emergency food supplies,REMOVE,,,Non-supplement category,,,REMOVE action,Non-supplement - no category mapping needed
emergency survival kits,REMOVE,,,Non-supplement category,,,REMOVE action,Non-supplement - no category mapping needed
energy candy & mints,REMOVE,,,Non-supplement category,,,REMOVE action,Non-supplement - no category mapping needed
energy chews & gels,REMAP,ACTIVE NUTRITION,PERFORMANCE NUTRITION,Maps to PERFORMANCE NUTRITION / PERFORMANCE NUTRITION,PERFORMANCE NUTRITION,PERFORMANCE NUTRITION,NA_Test_for_FI.xlsx (2022 Taxonomy Update),Updated from OLD: 'PERFORMANCE NUTRITION/PERFORMANCE NUTRITION' → NEW: 'ACTIVE NUTRITION/PERFORMANCE NUTRITION'
energy drinks,REMOVE,,,Non-supplement category,,,REMOVE action,Non-supplement - no category mapping needed
energy herbals,REMAP,HERBAL REMEDIES,NON-SPECIFIC,Maps to HERBAL REMEDIES / NON-SPECIFIC,,,Original (No change needed),Already using NEW taxonomy
energy powders,REMAP,HERBAL REMEDIES,NON-SPECIFIC,Maps to HERBAL REMEDIES / NON-SPECIFIC,,,Original (No change needed),Already using NEW taxonomy
energy shots,REMAP,MISCELLANEOUS SUPPLEMENTS,NON-SPECIFIC,Maps to MISCELLANEOUS SUPPLEMENTS / MISCELLANEOUS SUPPLEMENTS,MISCELLANEOUS SUPPLEMENTS,MISCELLANEOUS SUPPLEMENTS,NA_Test_for_FI.xlsx (2022 Taxonomy Update),Updated from OLD: 'MISCELLANEOUS SUPPLEMENTS/MISCELLANEOUS SUPPLEMENTS' → NEW: 'MISCELLANEOUS SUPPLEMENTS/NON-SPECIFIC'
energy supplements,REMAP,HERBAL REMEDIES,NON-SPECIFIC,Maps to HERBAL REMEDIES / NON-SPECIFIC,,,Original (No change needed),Already using NEW taxonomy
enzyme supplements,REMAP,PROBIOTICS+,DIGESTIVE AIDS & ENZYMES,Maps to DIGESTIVE AIDS & ENZYMES / DIGESTIVE AIDS & ENZYMES,DIGESTIVE AIDS & ENZYMES,DIGESTIVE AIDS & ENZYMES,NA_Test_for_FI.xlsx (2022 Taxonomy Update),Updated from OLD: 'DIGESTIVE AIDS & ENZYMES/DIGESTIVE AIDS & ENZYMES' → NEW: 'PROBIOTICS+/DIGESTIVE AIDS & ENZYMES'
examination supplies & consumables,REMOVE,,,Non-supplement category,,,REMOVE action,Non-supplement - no category mapping needed
exercise balls,REMOVE,,,Non-supplement category,,,REMOVE action,Non-supplement - no category mapping needed
exercise bands,REMOVE,,,Non-supplement category,,,REMOVE action,Non-supplement - no category mapping needed
exercise gloves,REMOVE,,,Non-supplement category,,,REMOVE action,Non-supplement - no category mapping needed
exercise machine attachments,REMOVE,,,Non-supplement category,,,REMOVE action,Non-supplement - no category mapping needed
exercise mats,REMOVE,,,Non-supplement category,,,REMOVE action,Non-supplement - no category mapping needed
exercise videos,REMOVE,,,Non-supplement category,,,REMOVE action,Non-supplement - no category mapping needed
exercise wraps & straps,REMOVE,,,Non-supplement category,,,REMOVE action,Non-supplement - no category mapping needed
eye care treatments,REMOVE,,,Non-supplement category,,,REMOVE action,Non-supplement - no category mapping needed
eye creams,REMOVE,,,Non-supplement category,,,REMOVE action,Non-supplement - no category mapping needed
face & sheet masks,REMOVE,,,Non-supplement category,,,REMOVE action,Non-supplement - no category mapping needed
face care sets & kits,REMOVE,,,Non-supplement category,,,REMOVE action,Non-supplement - no category mapping needed
face cleanser cloths & towelettes,REMOVE,,,Non-supplement category,,,REMOVE action,Non-supplement - no category mapping needed
face cleansers,REMOVE,,,Non-supplement category,,,REMOVE action,Non-supplement - no category mapping needed
face cleansers & washes,REMOVE,,,Non-supplement category,,,REMOVE action,Non-supplement - no category mapping needed
face cleansing cloths & pads,REMOVE,,,Non-supplement category,,,REMOVE action,Non-supplement - no category mapping needed
face cleansing tools,REMOVE,,,Non-supplement category,,,REMOVE action,Non-supplement - no category mapping needed
face creams,REMOVE,,,Non-supplement category,,,REMOVE action,Non-supplement - no category mapping needed
face creams & moisturizers,REMOVE,,,Non-supplement category,,,REMOVE action,Non-supplement - no category mapping needed
face creams and moisturizers,REMOVE,,,Non-supplement category,,,REMOVE action,Non-supplement - no category mapping needed
face exfoliators & peels,REMOVE,,,Non-supplement category,,,REMOVE action,Non-supplement - no category mapping needed
face exfoliators polishes & scrubs,REMOVE,,,Non-supplement category,,,REMOVE action,Non-supplement - no category mapping needed
face masks,REMOVE,,,Non-supplement category,,,REMOVE action,Non-supplement - no category mapping needed
face mists & essences,REMOVE,,,Non-supplement category,,,REMOVE action,Non-supplement - no category mapping needed
face moisturizers,REMOVE,,,Non-supplement category,,,REMOVE action,Non-supplement - no category mapping needed
face oils,REMOVE,,,Non-supplement category,,,REMOVE action,Non-supplement - no category mapping needed
face rollers & sculptors,REMOVE,,,Non-supplement category,,,REMOVE action,Non-supplement - no category mapping needed
face serums,REMOVE,,,Non-supplement category,,,REMOVE action,Non-supplement - no category mapping needed
face toners,REMOVE,,,Non-supplement category,,,REMOVE action,Non-supplement - no category mapping needed
face toners & astringents,REMOVE,,,Non-supplement category,,,REMOVE action,Non-supplement - no category mapping needed
face treatments,REMOVE,,,Non-supplement category,,,REMOVE action,Non-supplement - no category mapping needed
face treatments & masks,REMOVE,,,Non-supplement category,,,REMOVE action,Non-supplement - no category mapping needed
face washes,REMOVE,,,Non-supplement category,,,REMOVE action,Non-supplement - no category mapping needed
facial & sheet masks,REMOVE,,,Non-supplement category,,,REMOVE action,Non-supplement - no category mapping needed
facial acne treatments  patches & strips,REMOVE,,,Non-supplement category,,,REMOVE action,Non-supplement - no category mapping needed
"facial acne treatments, patches & strips",REMOVE,,,Non-supplement category,,,REMOVE action,Non-supplement - no category mapping needed
facial care sets & kits,REMOVE,,,Non-supplement category,,,REMOVE action,Non-supplement - no category mapping needed
facial cleanser cloths  towelettes & pads,REMOVE,,,Non-supplement category,,,REMOVE action,Non-supplement - no category mapping needed
"facial cleanser cloths, towelettes & pads",REMOVE,,,Non-supplement category,,,REMOVE action,Non-supplement - no category mapping needed
facial creams  oils & moisturizers,REMOVE,,,Non-supplement category,,,REMOVE action,Non-supplement - no category mapping needed
"facial creams, oils & moisturizers",REMOVE,,,Non-supplement category,,,REMOVE action,Non-supplement - no category mapping needed
facial exfoliators  polishes & scrubs,REMOVE,,,Non-supplement category,,,REMOVE action,Non-supplement - no category mapping needed
"facial exfoliators, polishes & scrubs",REMOVE,,,Non-supplement category,,,REMOVE action,Non-supplement - no category mapping needed
facial rollers & sculptors,REMOVE,,,Non-supplement category,,,REMOVE action,Non-supplement - no category mapping needed
facial serums & acids,REMOVE,,,Non-supplement category,,,REMOVE action,Non-supplement - no category mapping needed
facial toners  astringents & sprays,REMOVE,,,Non-supplement category,,,REMOVE action,Non-supplement - no category mapping needed
"facial toners, astringents & sprays",REMOVE,,,Non-supplement category,,,REMOVE action,Non-supplement - no category mapping needed
facial treatments  serums & peels,REMOVE,,,Non-supplement category,,,REMOVE action,Non-supplement - no category mapping needed
"facial treatments, serums & peels",REMOVE,,,Non-supplement category,,,REMOVE action,Non-supplement - no category mapping needed
facial washes & cleansers,REMOVE,,,Non-supplement category,,,REMOVE action,Non-supplement - no category mapping needed
family planning tests,REMOVE,,,Non-supplement category,,,REMOVE action,Non-supplement - no category mapping needed
fat burners,REMAP,ACTIVE NUTRITION,WEIGHT MANAGEMENT FORMULAS,Maps to WEIGHT MANAGEMENT FORMULAS / WEIGHT MANAGEMENT FORMULAS,WEIGHT MANAGEMENT FORMULAS,WEIGHT MANAGEMENT FORMULAS,NA_Test_for_FI.xlsx (2022 Taxonomy Update),Updated from OLD: 'WEIGHT MANAGEMENT FORMULAS/WEIGHT MANAGEMENT FORMULAS' → NEW: 'ACTIVE NUTRITION/WEIGHT MANAGEMENT FORMULAS'
feminine care contraception,REMOVE,,,Non-supplement category,,,REMOVE action,Non-supplement - no category mapping needed
feminine care menopause products,REMAP,HERBAL REMEDIES,NON-SPECIFIC,Maps to HERBAL REMEDIES / NON-SPECIFIC,,,Original (No change needed),Already using NEW taxonomy
feminine care treatments,REMOVE,,,Non-supplement category,,,REMOVE action,Non-supplement - no category mapping needed
feminine care yeast infection treatments,REMOVE,,,Non-supplement category,,,REMOVE action,Non-supplement - no category mapping needed
feminine douches,REMOVE,,,Non-supplement category,,,REMOVE action,Non-supplement - no category mapping needed
feminine menopause products,REMAP,HERBAL REMEDIES,NON-SPECIFIC,Maps to HERBAL REMEDIES / NON-SPECIFIC,,,Original (No change needed),Already using NEW taxonomy
feminine pads,REMOVE,,,Non-supplement category,,,REMOVE action,Non-supplement - no category mapping needed
feminine washes,REMOVE,,,Non-supplement category,,,REMOVE action,Non-supplement - no category mapping needed
feminine wipes,REMOVE,,,Non-supplement category,,,REMOVE action,Non-supplement - no category mapping needed
fennel seed spice,REMOVE,,,Non-supplement category,,,REMOVE action,Non-supplement - no category mapping needed
fenugreek spice,REMAP,HERBAL REMEDIES,NON-SPECIFIC,Maps to HERBAL REMEDIES / NON-SPECIFIC,,,Original (No change needed),Already using NEW taxonomy
fertility & natal supplements,REMAP,COMBINED MULTIVITAMINS,PRENATAL,Maps to COMBINED MULTIVITAMINS / PRENATAL,,,Original (No change needed),Already using NEW taxonomy
first aid antibiotics ointments,REMOVE,,,Non-supplement category,,,REMOVE action,Non-supplement - no category mapping needed
first aid antifungals,REMOVE,,,Non-supplement category,,,REMOVE action,Non-supplement - no category mapping needed
first aid kits,REMOVE,,,Non-supplement category,,,REMOVE action,Non-supplement - no category mapping needed
first aid lice treatments,REMOVE,,,Non-supplement category,,,REMOVE action,Non-supplement - no category mapping needed
first aid tape,REMOVE,,,Non-supplement category,,,REMOVE action,Non-supplement - no category mapping needed
fish oil,REMAP,FATTY ACIDS,FISH OIL,Maps to OIL CATEGORY / FISH OIL,OIL CATEGORY,FISH OIL,NA_Test_for_FI.xlsx (2022 Taxonomy Update),Updated from OLD: 'OIL CATEGORY/FISH OIL' → NEW: 'FATTY ACIDS/FISH OIL'
flavonoid supplements,REMAP,BASIC VITAMINS & MINERALS,LETTER VITAMINS,Maps to BASIC VITAMINS & MINERALS / LETTER VITAMINS,,,Original (No change needed),Already using NEW taxonomy
flavonoids,REMAP,BASIC VITAMINS & MINERALS,LETTER VITAMINS,Maps to BASIC VITAMINS & MINERALS / LETTER VITAMINS,,,Original (No change needed),Already using NEW taxonomy
flavor syrups,REMOVE,,,Non-supplement category,,,REMOVE action,Non-supplement - no category mapping needed
flavored syrups,REMOVE,,,Non-supplement category,,,REMOVE action,Non-supplement - no category mapping needed
flavored water,REMOVE,,,Non-supplement category,,,REMOVE action,Non-supplement - no category mapping needed
flax seed spice,REMOVE,,,Non-supplement category,,,REMOVE action,Non-supplement - no category mapping needed
flower essences & remedies,REMOVE,,,Non-supplement category,,,REMOVE action,Non-supplement - no category mapping needed
fluid administration & collection,REMOVE,,,Non-supplement category,,,REMOVE action,Non-supplement - no category mapping needed
freestanding slides,REMOVE,,,Non-supplement category,,,REMOVE action,Non-supplement - no category mapping needed
fruit juice,REMOVE,,,Non-supplement category,,,REMOVE action,Non-supplement - no category mapping needed
garlic herbal supplements,REMAP,HERBAL REMEDIES,NON-SPECIFIC,Maps to HERBAL REMEDIES / NON-SPECIFIC,,,Original (No change needed),Already using NEW taxonomy
garlic spice,REMOVE,,,Non-supplement category,,,REMOVE action,Non-supplement - no category mapping needed
gas relief,REMAP,PROBIOTICS+,DIGESTIVE AIDS & ENZYMES,Maps to DIGESTIVE AIDS & ENZYMES / DIGESTIVE AIDS & ENZYMES,DIGESTIVE AIDS & ENZYMES,DIGESTIVE AIDS & ENZYMES,NA_Test_for_FI.xlsx (2022 Taxonomy Update),Updated from OLD: 'DIGESTIVE AIDS & ENZYMES/DIGESTIVE AIDS & ENZYMES' → NEW: 'PROBIOTICS+/DIGESTIVE AIDS & ENZYMES'
gauze,REMOVE,,,Non-supplement category,,,REMOVE action,Non-supplement - no category mapping needed
ginger spice,REMAP,HERBAL REMEDIES,NON-SPECIFIC,Maps to HERBAL REMEDIES / NON-SPECIFIC,,,Original (No change needed),Already using NEW taxonomy
ginkgo biloba herbal supplements,REMAP,HERBAL REMEDIES,NON-SPECIFIC,Maps to HERBAL REMEDIES / NON-SPECIFIC,,,Original (No change needed),Already using NEW taxonomy
ginseng herbal supplements,REMAP,HERBAL REMEDIES,NON-SPECIFIC,Maps to HERBAL REMEDIES / NON-SPECIFIC,,,Original (No change needed),Already using NEW taxonomy
glandular extracts,REMAP,HERBAL REMEDIES,NON-SPECIFIC,Maps to HERBAL REMEDIES / NON-SPECIFIC,,,Original (No change needed),Already using NEW taxonomy
grape seed extract herbal supplements,REMAP,HERBAL REMEDIES,POLYPHENOLS,Maps to HERBAL REMEDIES / POLYPHENOLS,,,Original (No change needed),Already using NEW taxonomy
green tea herbal supplements,REMAP,HERBAL REMEDIES,POLYPHENOLS,Maps to HERBAL REMEDIES / POLYPHENOLS,,,Original (No change needed),Already using NEW taxonomy
gummy candy,REMOVE,,,Non-supplement category,,,REMOVE action,Non-supplement - no category mapping needed
hair coloring & highlighting tools,REMOVE,,,Non-supplement category,,,REMOVE action,Non-supplement - no category mapping needed
hair cutting tools,REMOVE,,,Non-supplement category,,,REMOVE action,Non-supplement - no category mapping needed
"hair gels, pomade & waxes",REMOVE,,,Non-supplement category,,,REMOVE action,Non-supplement - no category mapping needed
hair loss & regrowth products,REMOVE,,,Non-supplement category,,,REMOVE action,Non-supplement - no category mapping needed
hair masks,REMOVE,,,Non-supplement category,,,REMOVE action,Non-supplement - no category mapping needed
hair mousse & foams,REMOVE,,,Non-supplement category,,,REMOVE action,Non-supplement - no category mapping needed
hair oils & serums,REMOVE,,,Non-supplement category,,,REMOVE action,Non-supplement - no category mapping needed
hair skin & nails complex,REMAP,MISCELLANEOUS SUPPLEMENTS,NON-SPECIFIC,Maps to MISCELLANEOUS SUPPLEMENTS / MISCELLANEOUS SUPPLEMENTS,MISCELLANEOUS SUPPLEMENTS,MISCELLANEOUS SUPPLEMENTS,NA_Test_for_FI.xlsx (2022 Taxonomy Update),Updated from OLD: 'MISCELLANEOUS SUPPLEMENTS/MISCELLANEOUS SUPPLEMENTS' → NEW: 'MISCELLANEOUS SUPPLEMENTS/NON-SPECIFIC'
hair styling creams & sprays,REMOVE,,,Non-supplement category,,,REMOVE action,Non-supplement - no category mapping needed
hair styling foams,REMOVE,,,Non-supplement category,,,REMOVE action,Non-supplement - no category mapping needed
hair styling gels,REMOVE,,,Non-supplement category,,,REMOVE action,Non-supplement - no category mapping needed
hair styling products,REMOVE,,,Non-supplement category,,,REMOVE action,Non-supplement - no category mapping needed
hair styling sprays,REMOVE,,,Non-supplement category,,,REMOVE action,Non-supplement - no category mapping needed
"hair, skin & nails supplements",REMAP,BASIC VITAMINS & MINERALS,LETTER VITAMINS,Maps to BASIC VITAMINS & MINERALS / LETTER VITAMINS,,,Original (No change needed),Already using NEW taxonomy
hairspray,REMOVE,,,Non-supplement category,,,REMOVE action,Non-supplement - no category mapping needed
healing ointments & balms,REMOVE,,,Non-supplement category,,,REMOVE action,Non-supplement - no category mapping needed
health & wellness test kits,REMOVE,,,Non-supplement category,,,REMOVE action,Non-supplement - no category mapping needed
heat patches & wraps,REMOVE,,,Non-supplement category,,,REMOVE action,Non-supplement - no category mapping needed
heating pads,REMOVE,,,Non-supplement category,,,REMOVE action,Non-supplement - no category mapping needed
hemorrhoid pain relief products,REMOVE,,,Non-supplement category,,,REMOVE action,Non-supplement - no category mapping needed
hemp gummies,REMAP,FATTY ACIDS,HEMP/CBD,Maps to OIL CATEGORY / HEMP/CBD,OIL CATEGORY,HEMP/CBD,NA_Test_for_FI.xlsx (2022 Taxonomy Update),Updated from OLD: 'OIL CATEGORY/HEMP/CBD' → NEW: 'FATTY ACIDS/HEMP/CBD'
hemp oils & creams,REMOVE,,,Non-supplement category,,,REMOVE action,Non-supplement - no category mapping needed
hemp seeds,REMOVE,,,Non-supplement category,,,REMOVE action,Non-supplement - no category mapping needed
hemp therapy products,REMOVE,,,Non-supplement category,,,REMOVE action,Non-supplement - no category mapping needed
herbal tea,REMOVE,,,Non-supplement category,,,REMOVE action,Non-supplement - no category mapping needed
hiking emergency blankets,REMOVE,,,Non-supplement category,,,REMOVE action,Non-supplement - no category mapping needed
hiking emergency fire starters,REMOVE,,,Non-supplement category,,,REMOVE action,Non-supplement - no category mapping needed
hiking emergency light sticks,REMOVE,,,Non-supplement category,,,REMOVE action,Non-supplement - no category mapping needed
hiking hydration & filtration,REMOVE,,,Non-supplement category,,,REMOVE action,Non-supplement - no category mapping needed
hiking whistles,REMOVE,,,Non-supplement category,,,REMOVE action,Non-supplement - no category mapping needed
home test,REMOVE,,,Non-supplement category,,,REMOVE action,Non-supplement - no category mapping needed
home test kits & supplies,REMOVE,,,Non-supplement category,,,REMOVE action,Non-supplement - no category mapping needed
horse wound care,REMOVE,,,Non-supplement category,,,REMOVE action,Non-supplement - no category mapping needed
infection prevention supplies,REMOVE,,,Non-supplement category,,,REMOVE action,Non-supplement - no category mapping needed
inflatable bouncers,REMOVE,,,Non-supplement category,,,REMOVE action,Non-supplement - no category mapping needed
intimate cloths & wipes,REMOVE,,,Non-supplement category,,,REMOVE action,Non-supplement - no category mapping needed
intimate douches & enemas,REMOVE,,,Non-supplement category,,,REMOVE action,Non-supplement - no category mapping needed
intimate health treatments,REMOVE,,,Non-supplement category,,,REMOVE action,Non-supplement - no category mapping needed
intimate soaps & washes,REMOVE,,,Non-supplement category,,,REMOVE action,Non-supplement - no category mapping needed
iodine supplements,REMAP,BASIC VITAMINS & MINERALS,MINERALS,Maps to BASIC VITAMINS & MINERALS / MINERALS,,,Original (No change needed),Already using NEW taxonomy
iron supplements,REMAP,BASIC VITAMINS & MINERALS,MINERALS,Maps to BASIC VITAMINS & MINERALS / MINERALS,,,Original (No change needed),Already using NEW taxonomy
ironing accessories,REMOVE,,,Non-supplement category,,,REMOVE action,Non-supplement - no category mapping needed
itching & rash treatments,REMOVE,,,Non-supplement category,,,REMOVE action,Non-supplement - no category mapping needed
jerky,REMOVE,,,Non-supplement category,,,REMOVE action,Non-supplement - no category mapping needed
joint & muscle pain relief,REMAP,HERBAL REMEDIES,NON-SPECIFIC,Maps to HERBAL REMEDIES / NON-SPECIFIC,,,Original (No change needed),Already using NEW taxonomy
joint & muscle pain relievers,REMOVE,,,Non-supplement category,,,REMOVE action,Non-supplement - no category mapping needed
jump ropes,REMOVE,,,Non-supplement category,,,REMOVE action,Non-supplement - no category mapping needed
l-arginine amino acids,REMAP,BASIC VITAMINS & MINERALS,AMINO ACIDS,Maps to AMINO ACIDS / AMINO ACIDS,AMINO ACIDS,AMINO ACIDS,NA_Test_for_FI.xlsx (2022 Taxonomy Update),Updated from OLD: 'AMINO ACIDS/AMINO ACIDS' → NEW: 'BASIC VITAMINS & MINERALS/AMINO ACIDS'
l-carnitine supplements,REMAP,BASIC VITAMINS & MINERALS,AMINO ACIDS,Maps to AMINO ACIDS / AMINO ACIDS,AMINO ACIDS,AMINO ACIDS,NA_Test_for_FI.xlsx (2022 Taxonomy Update),Updated from OLD: 'AMINO ACIDS/AMINO ACIDS' → NEW: 'BASIC VITAMINS & MINERALS/AMINO ACIDS'
l-glutamine amino acids,REMAP,BASIC VITAMINS & MINERALS,AMINO ACIDS,Maps to AMINO ACIDS / AMINO ACIDS,AMINO ACIDS,AMINO ACIDS,NA_Test_for_FI.xlsx (2022 Taxonomy Update),Updated from OLD: 'AMINO ACIDS/AMINO ACIDS' → NEW: 'BASIC VITAMINS & MINERALS/AMINO ACIDS'
l-lysine amino acids,REMAP,BASIC VITAMINS & MINERALS,AMINO ACIDS,Maps to AMINO ACIDS / AMINO ACIDS,AMINO ACIDS,AMINO ACIDS,NA_Test_for_FI.xlsx (2022 Taxonomy Update),Updated from OLD: 'AMINO ACIDS/AMINO ACIDS' → NEW: 'BASIC VITAMINS & MINERALS/AMINO ACIDS'
lactation consumables & supplements,REMAP,MISCELLANEOUS SUPPLEMENTS,NON-SPECIFIC,Maps to MISCELLANEOUS SUPPLEMENTS / NON-SPECIFIC,,,Original (No change needed),Already using NEW taxonomy
lard & shortening,REMOVE,,,Non-supplement category,,,REMOVE action,Non-supplement - no category mapping needed
laxatives,REMAP,PROBIOTICS+,FIBER PRODUCTS & LAXATIVES,Maps to FIBER PRODUCTS & LAXATIVES / FIBER PRODUCTS & LAXATIVES,FIBER PRODUCTS & LAXATIVES,FIBER PRODUCTS & LAXATIVES,NA_Test_for_FI.xlsx (2022 Taxonomy Update),Updated from OLD: 'FIBER PRODUCTS & LAXATIVES/FIBER PRODUCTS & LAXATIVES' → NEW: 'PROBIOTICS+/FIBER PRODUCTS & LAXATIVES'
lemonade,REMOVE,,,Non-supplement category,,,REMOVE action,Non-supplement - no category mapping needed
lice treatments,REMOVE,,,Non-supplement category,,,REMOVE action,Non-supplement - no category mapping needed
light therapy devices,REMOVE,,,Non-supplement category,,,REMOVE action,Non-supplement - no category mapping needed
liquid bandages,REMOVE,,,Non-supplement category,,,REMOVE action,Non-supplement - no category mapping needed
live indoor plants,REMOVE,,,Non-supplement category,,,REMOVE action,Non-supplement - no category mapping needed
macadamia nuts,REMOVE,,,Non-supplement category,,,REMOVE action,Non-supplement - no category mapping needed
magnesium supplements,REMAP,BASIC VITAMINS & MINERALS,MINERALS,Maps to BASIC VITAMINS & MINERALS / MINERALS,,,Original (No change needed),Already using NEW taxonomy
magnetic therapy,REMOVE,,,Non-supplement category,,,REMOVE action,Non-supplement - no category mapping needed
makeup removers,REMOVE,,,Non-supplement category,,,REMOVE action,Non-supplement - no category mapping needed
male condoms,REMOVE,,,Non-supplement category,,,REMOVE action,Non-supplement - no category mapping needed
maple syrup,REMOVE,,,Non-supplement category,,,REMOVE action,Non-supplement - no category mapping needed
margarita cocktail mixers,REMOVE,,,Non-supplement category,,,REMOVE action,Non-supplement - no category mapping needed
maternity skin care,REMOVE,,,Non-supplement category,,,REMOVE action,Non-supplement - no category mapping needed
maternity supports,REMOVE,,,Non-supplement category,,,REMOVE action,Non-supplement - no category mapping needed
mct oil,REMAP,FATTY ACIDS,MCT,Maps to OIL CATEGORY / MCT,OIL CATEGORY,MCT,NA_Test_for_FI.xlsx (2022 Taxonomy Update),Updated from OLD: 'OIL CATEGORY/MCT' → NEW: 'FATTY ACIDS/MCT'
medical furniture & transport,REMOVE,,,Non-supplement category,,,REMOVE action,Non-supplement - no category mapping needed
medicinal sleep aids,REMAP,BASIC VITAMINS & MINERALS,DHEA & PREGNENOLONE & HORMONES,Maps to BASIC VITAMINS & MINERALS / DHEA & PREGNENOLONE & HORMONES,,,Original (No change needed),Already using NEW taxonomy
men dress shirts,REMOVE,,,Non-supplement category,,,REMOVE action,Non-supplement - no category mapping needed
men jeans,REMOVE,,,Non-supplement category,,,REMOVE action,Non-supplement - no category mapping needed
men swim trunks,REMOVE,,,Non-supplement category,,,REMOVE action,Non-supplement - no category mapping needed
men's disposable razors,REMOVE,,,Non-supplement category,,,REMOVE action,Non-supplement - no category mapping needed
men's electric shavers & accessories,REMOVE,,,Non-supplement category,,,REMOVE action,Non-supplement - no category mapping needed
men's electric trimmers & accessories,REMOVE,,,Non-supplement category,,,REMOVE action,Non-supplement - no category mapping needed
men's razor cartridges & refills,REMOVE,,,Non-supplement category,,,REMOVE action,Non-supplement - no category mapping needed
men's reusable razors,REMOVE,,,Non-supplement category,,,REMOVE action,Non-supplement - no category mapping needed
men's shaving & grooming sets,REMOVE,,,Non-supplement category,,,REMOVE action,Non-supplement - no category mapping needed
men's shaving accessories,REMOVE,,,Non-supplement category,,,REMOVE action,Non-supplement - no category mapping needed
men's shaving brushes,REMOVE,,,Non-supplement category,,,REMOVE action,Non-supplement - no category mapping needed
menopause care products,REMAP,HERBAL REMEDIES,NON-SPECIFIC,Maps to HERBAL REMEDIES / NON-SPECIFIC,,,Original (No change needed),Already using NEW taxonomy
menstrual cups,REMOVE,,,Non-supplement category,,,REMOVE action,Non-supplement - no category mapping needed
menstrual cups & accessories,REMOVE,,,Non-supplement category,,,REMOVE action,Non-supplement - no category mapping needed
menstrual pads,REMOVE,,,Non-supplement category,,,REMOVE action,Non-supplement - no category mapping needed
menstrual panty liners,REMOVE,,,Non-supplement category,,,REMOVE action,Non-supplement - no category mapping needed
milk thistle herbal supplements,REMAP,HERBAL REMEDIES,NON-SPECIFIC,Maps to HERBAL REMEDIES / NON-SPECIFIC,,,Original (No change needed),Already using NEW taxonomy
mixed nuts,REMOVE,,,Non-supplement category,,,REMOVE action,Non-supplement - no category mapping needed
moisturizing nasal & throat sprays,REMAP,HERBAL REMEDIES,NON-SPECIFIC,Maps to HERBAL/HOMEOPATHIC COLD & FLU / NON-SPECIFIC,HERBAL/HOMEOPATHIC COLD & FLU,NON-SPECIFIC,NA_Test_for_FI.xlsx (2022 Taxonomy Update),Updated from OLD: 'HERBAL/HOMEOPATHIC COLD & FLU/NON-SPECIFIC' → NEW: 'HERBAL REMEDIES/NON-SPECIFIC'
moisturizing sprays,REMAP,HERBAL REMEDIES,NON-SPECIFIC,Maps to HERBAL/HOMEOPATHIC COLD & FLU / NON-SPECIFIC,HERBAL/HOMEOPATHIC COLD & FLU,NON-SPECIFIC,NA_Test_for_FI.xlsx (2022 Taxonomy Update),Updated from OLD: 'HERBAL/HOMEOPATHIC COLD & FLU/NON-SPECIFIC' → NEW: 'HERBAL REMEDIES/NON-SPECIFIC'
motion sickness & nausea,REMAP,PROBIOTICS+,DIGESTIVE AIDS & ENZYMES,Maps to DIGESTIVE AIDS & ENZYMES / DIGESTIVE AIDS & ENZYMES,DIGESTIVE AIDS & ENZYMES,DIGESTIVE AIDS & ENZYMES,NA_Test_for_FI.xlsx (2022 Taxonomy Update),Updated from OLD: 'DIGESTIVE AIDS & ENZYMES/DIGESTIVE AIDS & ENZYMES' → NEW: 'PROBIOTICS+/DIGESTIVE AIDS & ENZYMES'
msm,REMAP,MISCELLANEOUS SUPPLEMENTS,NON-SPECIFIC,Maps to MISCELLANEOUS SUPPLEMENTS / MISCELLANEOUS SUPPLEMENTS,MISCELLANEOUS SUPPLEMENTS,MISCELLANEOUS SUPPLEMENTS,NA_Test_for_FI.xlsx (2022 Taxonomy Update),Updated from OLD: 'MISCELLANEOUS SUPPLEMENTS/MISCELLANEOUS SUPPLEMENTS' → NEW: 'MISCELLANEOUS SUPPLEMENTS/NON-SPECIFIC'
multimineral supplements,REMAP,BASIC VITAMINS & MINERALS,MINERALS,Maps to BASIC VITAMINS & MINERALS / MINERALS,,,Original (No change needed),Already using NEW taxonomy
multivitamins,REMAP,COMBINED MULTIVITAMINS,NON-SPECIFIC,Maps to COMBINED MULTIVITAMINS / NON-SPECIFIC,,,Original (No change needed),Already using NEW taxonomy
mushrooms herbal supplements,REMAP,HERBAL REMEDIES,NON-SPECIFIC,Maps to HERBAL REMEDIES / NON-SPECIFIC,,,Original (No change needed),Already using NEW taxonomy
mustard spice,REMOVE,,,Non-supplement category,,,REMOVE action,Non-supplement - no category mapping needed
nasal strips,REMOVE,,,Non-supplement category,,,REMOVE action,Non-supplement - no category mapping needed
non-alcoholic liquors & spirits,REMOVE,,,Non-supplement category,,,REMOVE action,Non-supplement - no category mapping needed
non-aspirin pain relievers,REMAP,HERBAL REMEDIES,NON-SPECIFIC,Maps to HERBAL REMEDIES / NON-SPECIFIC,,,Original (No change needed),Already using NEW taxonomy
non-stick cooking oil sprays,REMOVE,,,Non-supplement category,,,REMOVE action,Non-supplement - no category mapping needed
nutmeg spice,REMOVE,,,Non-supplement category,,,REMOVE action,Non-supplement - no category mapping needed
olive,REMOVE,,,Non-supplement category,,,REMOVE action,Non-supplement - no category mapping needed
olive oil,REMOVE,,,Non-supplement category,,,REMOVE action,Non-supplement - no category mapping needed
omega oils,REMAP,FATTY ACIDS,FISH OIL,Maps to OIL CATEGORY / FISH OIL,OIL CATEGORY,FISH OIL,NA_Test_for_FI.xlsx (2022 Taxonomy Update),Updated from OLD: 'OIL CATEGORY/FISH OIL' → NEW: 'FATTY ACIDS/FISH OIL'
onion spice,REMOVE,,,Non-supplement category,,,REMOVE action,Non-supplement - no category mapping needed
oregano spice,REMOVE,,,Non-supplement category,,,REMOVE action,Non-supplement - no category mapping needed
"other allergy, asthma & sinus care",REMOVE,,,Non-supplement category,,,REMOVE action,Non-supplement - no category mapping needed
other alternative medicine,REMAP,HERBAL REMEDIES,NON-SPECIFIC,Maps to HERBAL REMEDIES / NON-SPECIFIC,,,Original (No change needed),Already using NEW taxonomy
other amino acids,REMAP,BASIC VITAMINS & MINERALS,AMINO ACIDS,Maps to AMINO ACIDS / AMINO ACIDS,AMINO ACIDS,AMINO ACIDS,NA_Test_for_FI.xlsx (2022 Taxonomy Update),Updated from OLD: 'AMINO ACIDS/AMINO ACIDS' → NEW: 'BASIC VITAMINS & MINERALS/AMINO ACIDS'
other baby grooming products,REMOVE,,,Non-supplement category,,,REMOVE action,Non-supplement - no category mapping needed
other beverage mixers & additives,REMOVE,,,Non-supplement category,,,REMOVE action,Non-supplement - no category mapping needed
other cat flea & tick control,REMOVE,,,Non-supplement category,,,REMOVE action,Non-supplement - no category mapping needed
other cat health supplies,REMOVE,,,Non-supplement category,,,REMOVE action,Non-supplement - no category mapping needed
other cheese,REMOVE,,,Non-supplement category,,,REMOVE action,Non-supplement - no category mapping needed
other cheeses,REMOVE,,,Non-supplement category,,,REMOVE action,Non-supplement - no category mapping needed
other cocktail mixers,REMOVE,,,Non-supplement category,,,REMOVE action,Non-supplement - no category mapping needed
other cooking nuts & seeds,REMOVE,,,Non-supplement category,,,REMOVE action,Non-supplement - no category mapping needed
other cooking oils,REMOVE,,,Non-supplement category,,,REMOVE action,Non-supplement - no category mapping needed
other diagnostic tools,REMOVE,,,Non-supplement category,,,REMOVE action,Non-supplement - no category mapping needed
other dietary supplements,REMAP,MISCELLANEOUS SUPPLEMENTS,NON-SPECIFIC,Maps to MISCELLANEOUS SUPPLEMENTS / MISCELLANEOUS SUPPLEMENTS,MISCELLANEOUS SUPPLEMENTS,MISCELLANEOUS SUPPLEMENTS,NA_Test_for_FI.xlsx (2022 Taxonomy Update),Updated from OLD: 'MISCELLANEOUS SUPPLEMENTS/MISCELLANEOUS SUPPLEMENTS' → NEW: 'MISCELLANEOUS SUPPLEMENTS/NON-SPECIFIC'
other digestion & nausea,REMAP,PROBIOTICS+,DIGESTIVE AIDS & ENZYMES,Maps to DIGESTIVE AIDS & ENZYMES / DIGESTIVE AIDS & ENZYMES,DIGESTIVE AIDS & ENZYMES,DIGESTIVE AIDS & ENZYMES,NA_Test_for_FI.xlsx (2022 Taxonomy Update),Updated from OLD: 'DIGESTIVE AIDS & ENZYMES/DIGESTIVE AIDS & ENZYMES' → NEW: 'PROBIOTICS+/DIGESTIVE AIDS & ENZYMES'
other digestion treatments,REMAP,PROBIOTICS+,DIGESTIVE AIDS & ENZYMES,Maps to DIGESTIVE AIDS & ENZYMES / DIGESTIVE AIDS & ENZYMES,DIGESTIVE AIDS & ENZYMES,DIGESTIVE AIDS & ENZYMES,NA_Test_for_FI.xlsx (2022 Taxonomy Update),Updated from OLD: 'DIGESTIVE AIDS & ENZYMES/DIGESTIVE AIDS & ENZYMES' → NEW: 'PROBIOTICS+/DIGESTIVE AIDS & ENZYMES'
other digestive supplements,REMAP,PROBIOTICS+,DIGESTIVE AIDS & ENZYMES,Maps to DIGESTIVE AIDS & ENZYMES / DIGESTIVE AIDS & ENZYMES,DIGESTIVE AIDS & ENZYMES,DIGESTIVE AIDS & ENZYMES,NA_Test_for_FI.xlsx (2022 Taxonomy Update),Updated from OLD: 'DIGESTIVE AIDS & ENZYMES/DIGESTIVE AIDS & ENZYMES' → NEW: 'PROBIOTICS+/DIGESTIVE AIDS & ENZYMES'
other dog health supplies,REMOVE,,,Non-supplement category,,,REMOVE action,Non-supplement - no category mapping needed
other essential fatty acids,REMAP,FATTY ACIDS,ALL OTHER OIL,Maps to OIL CATEGORY / ALL OTHER OIL,OIL CATEGORY,ALL OTHER OIL,NA_Test_for_FI.xlsx (2022 Taxonomy Update),Updated from OLD: 'OIL CATEGORY/ALL OTHER OIL' → NEW: 'FATTY ACIDS/ALL OTHER OIL'
other exercise accessories,REMOVE,,,Non-supplement category,,,REMOVE action,Non-supplement - no category mapping needed
other eye skin care,REMOVE,,,Non-supplement category,,,REMOVE action,Non-supplement - no category mapping needed
other face treatments & care,REMOVE,,,Non-supplement category,,,REMOVE action,Non-supplement - no category mapping needed
other facial treatments,REMOVE,,,Non-supplement category,,,REMOVE action,Non-supplement - no category mapping needed
other feminine care,REMOVE,,,Non-supplement category,,,REMOVE action,Non-supplement - no category mapping needed
other first aid,REMOVE,,,Non-supplement category,,,REMOVE action,Non-supplement - no category mapping needed
other hair styling products,REMOVE,,,Non-supplement category,,,REMOVE action,Non-supplement - no category mapping needed
other hair treatments,REMOVE,,,Non-supplement category,,,REMOVE action,Non-supplement - no category mapping needed
other health diagnostic supplies,REMOVE,,,Non-supplement category,,,REMOVE action,Non-supplement - no category mapping needed
other health diagnostic tools,REMOVE,,,Non-supplement category,,,REMOVE action,Non-supplement - no category mapping needed
other herbal supplements,REMAP,HERBAL REMEDIES,NON-SPECIFIC,Maps to HERBAL REMEDIES / NON-SPECIFIC,,,Original (No change needed),Already using NEW taxonomy
other home test,REMOVE,,,Non-supplement category,,,REMOVE action,Non-supplement - no category mapping needed
other intimate health,REMOVE,,,Non-supplement category,,,REMOVE action,Non-supplement - no category mapping needed
other medical & healthcare supplies,REMOVE,,,Non-supplement category,,,REMOVE action,Non-supplement - no category mapping needed
other men's hair removal,REMOVE,,,Non-supplement category,,,REMOVE action,Non-supplement - no category mapping needed
other mineral supplements,REMAP,BASIC VITAMINS & MINERALS,MINERALS,Maps to BASIC VITAMINS & MINERALS / MINERALS,,,Original (No change needed),Already using NEW taxonomy
other nuts,REMOVE,,,Non-supplement category,,,REMOVE action,Non-supplement - no category mapping needed
other pet flea & tick control,REMOVE,,,Non-supplement category,,,REMOVE action,Non-supplement - no category mapping needed
other playground equipment,REMOVE,,,Non-supplement category,,,REMOVE action,Non-supplement - no category mapping needed
other pregnancy & maternity care,REMOVE,,,Non-supplement category,,,REMOVE action,Non-supplement - no category mapping needed
other salon & spa equipment,REMOVE,,,Non-supplement category,,,REMOVE action,Non-supplement - no category mapping needed
other seeds,REMOVE,,,Non-supplement category,,,REMOVE action,Non-supplement - no category mapping needed
other sexual wellness,REMOVE,,,Non-supplement category,,,REMOVE action,Non-supplement - no category mapping needed
other skin care tools & accessories,REMOVE,,,Non-supplement category,,,REMOVE action,Non-supplement - no category mapping needed
other spice,REMOVE,,,Non-supplement category,,,REMOVE action,Non-supplement - no category mapping needed
other spices,REMOVE,,,Non-supplement category,,,REMOVE action,Non-supplement - no category mapping needed
other sugar substitutes,REMOVE,,,Non-supplement category,,,REMOVE action,Non-supplement - no category mapping needed
other themogenics supplements,REMAP,ACTIVE NUTRITION,WEIGHT MANAGEMENT FORMULAS,Maps to WEIGHT MANAGEMENT FORMULAS / WEIGHT MANAGEMENT FORMULAS,WEIGHT MANAGEMENT FORMULAS,WEIGHT MANAGEMENT FORMULAS,NA_Test_for_FI.xlsx (2022 Taxonomy Update),Updated from OLD: 'WEIGHT MANAGEMENT FORMULAS/WEIGHT MANAGEMENT FORMULAS' → NEW: 'ACTIVE NUTRITION/WEIGHT MANAGEMENT FORMULAS'
other thermogenics supplements,REMOVE,,,Non-supplement category,,,REMOVE action,Non-supplement - no category mapping needed
other vinegars,REMOVE,,,Non-supplement category,,,REMOVE action,Non-supplement - no category mapping needed
other vitamin b supplements,REMAP,BASIC VITAMINS & MINERALS,LETTER VITAMINS,Maps to BASIC VITAMINS & MINERALS / LETTER VITAMINS,,,Original (No change needed),Already using NEW taxonomy
packaged jalapenos,REMOVE,,,Non-supplement category,,,REMOVE action,Non-supplement - no category mapping needed
pain relief rubs & ointments,REMOVE,,,Non-supplement category,,,REMOVE action,Non-supplement - no category mapping needed
pain relievers,REMAP,OTC,OTC - PAIN & INFLAMMATION,Maps to OTC / OTC - PAIN & INFLAMMATION,,,Original (No change needed),Already using NEW taxonomy
panty liners,REMOVE,,,Non-supplement category,,,REMOVE action,Non-supplement - no category mapping needed
paprika spice,REMOVE,,,Non-supplement category,,,REMOVE action,Non-supplement - no category mapping needed
parmesan cheese,REMOVE,,,Non-supplement category,,,REMOVE action,Non-supplement - no category mapping needed
parsley spice,REMOVE,,,Non-supplement category,,,REMOVE action,Non-supplement - no category mapping needed
peanuts,REMOVE,,,Non-supplement category,,,REMOVE action,Non-supplement - no category mapping needed
pecans,REMOVE,,,Non-supplement category,,,REMOVE action,Non-supplement - no category mapping needed
performance enhancers & stimulants,REMOVE,,,Non-supplement category,,,REMOVE action,Non-supplement - no category mapping needed
period underwear,REMOVE,,,Non-supplement category,,,REMOVE action,Non-supplement - no category mapping needed
"perms, relaxers & texturizers",REMOVE,,,Non-supplement category,,,REMOVE action,Non-supplement - no category mapping needed
personal care wipes,REMOVE,,,Non-supplement category,,,REMOVE action,Non-supplement - no category mapping needed
personal cleansing wipes,REMOVE,,,Non-supplement category,,,REMOVE action,Non-supplement - no category mapping needed
pet dental care,REMOVE,,,Non-supplement category,,,REMOVE action,Non-supplement - no category mapping needed
pet dewormers & prevention,REMOVE,,,Non-supplement category,,,REMOVE action,Non-supplement - no category mapping needed
pet ear & eye care,REMOVE,,,Non-supplement category,,,REMOVE action,Non-supplement - no category mapping needed
pet flea & tick oral treatments,REMOVE,,,Non-supplement category,,,REMOVE action,Non-supplement - no category mapping needed
pet flea & tick shampoo,REMOVE,,,Non-supplement category,,,REMOVE action,Non-supplement - no category mapping needed
pet flea powders & sprays,REMOVE,,,Non-supplement category,,,REMOVE action,Non-supplement - no category mapping needed
pet home test kits,REMOVE,,,Non-supplement category,,,REMOVE action,Non-supplement - no category mapping needed
pet nursing supplies,REMOVE,,,Non-supplement category,,,REMOVE action,Non-supplement - no category mapping needed
pet recovery collars & suits,REMOVE,,,Non-supplement category,,,REMOVE action,Non-supplement - no category mapping needed
pet relaxants,REMOVE,,,Non-supplement category,,,REMOVE action,Non-supplement - no category mapping needed
piercing & tattoo supplies,REMOVE,,,Non-supplement category,,,REMOVE action,Non-supplement - no category mapping needed
pistachio nuts,REMOVE,,,Non-supplement category,,,REMOVE action,Non-supplement - no category mapping needed
plant powders,REMAP,ACTIVE NUTRITION,PROTEIN & MEAL REPLACEMENTS,Maps to PROTEIN SUPPLEMENTS & MEAL REPLACEMENTS / PROTEIN & MEAL REPLACEMENT POWDER,PROTEIN SUPPLEMENTS & MEAL REPLACEMENTS,PROTEIN & MEAL REPLACEMENT POWDER,NA_Test_for_FI.xlsx (2022 Taxonomy Update),Updated from OLD: 'PROTEIN SUPPLEMENTS & MEAL REPLACEMENTS/PROTEIN & MEAL REPLACEMENT POWDER' → NEW: 'ACTIVE NUTRITION/PROTEIN & MEAL REPLACEMENTS'
play & swing sets,REMOVE,,,Non-supplement category,,,REMOVE action,Non-supplement - no category mapping needed
play set attachments,REMOVE,,,Non-supplement category,,,REMOVE action,Non-supplement - no category mapping needed
playground balls,REMOVE,,,Non-supplement category,,,REMOVE action,Non-supplement - no category mapping needed
playhouses,REMOVE,,,Non-supplement category,,,REMOVE action,Non-supplement - no category mapping needed
poppy seed spice,REMOVE,,,Non-supplement category,,,REMOVE action,Non-supplement - no category mapping needed
post-workout & recovery supplements,REMAP,ACTIVE NUTRITION,PERFORMANCE NUTRITION,Maps to PERFORMANCE NUTRITION / PERFORMANCE NUTRITION,PERFORMANCE NUTRITION,PERFORMANCE NUTRITION,NA_Test_for_FI.xlsx (2022 Taxonomy Update),Updated from OLD: 'PERFORMANCE NUTRITION/PERFORMANCE NUTRITION' → NEW: 'ACTIVE NUTRITION/PERFORMANCE NUTRITION'
postpartum care products,REMOVE,,,Non-supplement category,,,REMOVE action,Non-supplement - no category mapping needed
potassium supplements,REMAP,BASIC VITAMINS & MINERALS,MINERALS,Maps to BASIC VITAMINS & MINERALS / MINERALS,,,Original (No change needed),Already using NEW taxonomy
pre-work nitric oxide boosters,REMAP,ACTIVE NUTRITION,PERFORMANCE NUTRITION,Maps to PERFORMANCE NUTRITION / PERFORMANCE NUTRITION,PERFORMANCE NUTRITION,PERFORMANCE NUTRITION,NA_Test_for_FI.xlsx (2022 Taxonomy Update),Updated from OLD: 'PERFORMANCE NUTRITION/PERFORMANCE NUTRITION' → NEW: 'ACTIVE NUTRITION/PERFORMANCE NUTRITION'
pre-work powders,REMAP,ACTIVE NUTRITION,PERFORMANCE NUTRITION,Maps to PERFORMANCE NUTRITION / PERFORMANCE NUTRITION,PERFORMANCE NUTRITION,PERFORMANCE NUTRITION,NA_Test_for_FI.xlsx (2022 Taxonomy Update),Updated from OLD: 'PERFORMANCE NUTRITION/PERFORMANCE NUTRITION' → NEW: 'ACTIVE NUTRITION/PERFORMANCE NUTRITION'
pre-workout nitric oxide boosters,REMAP,ACTIVE NUTRITION,PERFORMANCE NUTRITION,Maps to PERFORMANCE NUTRITION / PERFORMANCE NUTRITION,PERFORMANCE NUTRITION,PERFORMANCE NUTRITION,NA_Test_for_FI.xlsx (2022 Taxonomy Update),Updated from OLD: 'PERFORMANCE NUTRITION/PERFORMANCE NUTRITION' → NEW: 'ACTIVE NUTRITION/PERFORMANCE NUTRITION'
pre-workout powders,REMAP,ACTIVE NUTRITION,PERFORMANCE NUTRITION,Maps to PERFORMANCE NUTRITION / PERFORMANCE NUTRITION,PERFORMANCE NUTRITION,PERFORMANCE NUTRITION,NA_Test_for_FI.xlsx (2022 Taxonomy Update),Updated from OLD: 'PERFORMANCE NUTRITION/PERFORMANCE NUTRITION' → NEW: 'ACTIVE NUTRITION/PERFORMANCE NUTRITION'
pregnancy & maternity care products,REMOVE,,,Non-supplement category,,,REMOVE action,Non-supplement - no category mapping needed
pregnancy care,REMOVE,,,Non-supplement category,,,REMOVE action,Non-supplement - no category mapping needed
pregnancy maternity pillows,REMOVE,,,Non-supplement category,,,REMOVE action,Non-supplement - no category mapping needed
prenatal vitamins,REMAP,COMBINED MULTIVITAMINS,PRENATAL,Maps to COMBINED MULTIVITAMINS / PRENATAL,,,Original (No change needed),Already using NEW taxonomy
probiotics,REMAP,PROBIOTICS+,PREBIOTICS AND PROBIOTICS,Maps to PREBIOTICS & PROBIOTICS / PREBIOTICS & PROBIOTICS,PREBIOTICS & PROBIOTICS,PREBIOTICS & PROBIOTICS,NA_Test_for_FI.xlsx (2022 Taxonomy Update),Updated from OLD: 'PREBIOTICS & PROBIOTICS/PREBIOTICS & PROBIOTICS' → NEW: 'PROBIOTICS+/PREBIOTICS AND PROBIOTICS'
professional massage equipment,REMOVE,,,Non-supplement category,,,REMOVE action,Non-supplement - no category mapping needed
protein powder blends,REMAP,ACTIVE NUTRITION,PROTEIN & MEAL REPLACEMENTS,Maps to PROTEIN SUPPLEMENTS & MEAL REPLACEMENTS / PROTEIN & MEAL REPLACEMENT POWDER,PROTEIN SUPPLEMENTS & MEAL REPLACEMENTS,PROTEIN & MEAL REPLACEMENT POWDER,NA_Test_for_FI.xlsx (2022 Taxonomy Update),Updated from OLD: 'PROTEIN SUPPLEMENTS & MEAL REPLACEMENTS/PROTEIN & MEAL REPLACEMENT POWDER' → NEW: 'ACTIVE NUTRITION/PROTEIN & MEAL REPLACEMENTS'
pumpkin seeds,REMOVE,,,Non-supplement category,,,REMOVE action,Non-supplement - no category mapping needed
ready to drink protein,REMAP,ACTIVE NUTRITION,PROTEIN & MEAL REPLACEMENTS,Maps to PROTEIN SUPPLEMENTS & MEAL REPLACEMENTS / PROTEIN & MEAL REPLACEMENT LIQUID,PROTEIN SUPPLEMENTS & MEAL REPLACEMENTS,PROTEIN & MEAL REPLACEMENT LIQUID,NA_Test_for_FI.xlsx (2022 Taxonomy Update),Updated from OLD: 'PROTEIN SUPPLEMENTS & MEAL REPLACEMENTS/PROTEIN & MEAL REPLACEMENT LIQUID' → NEW: 'ACTIVE NUTRITION/PROTEIN & MEAL REPLACEMENTS'
red wine vinegars,REMOVE,,,Non-supplement category,,,REMOVE action,Non-supplement - no category mapping needed
red yeast rice herbal supplements,REMAP,MISCELLANEOUS SUPPLEMENTS,NON-SPECIFIC,Maps to MISCELLANEOUS SUPPLEMENTS / MISCELLANEOUS SUPPLEMENTS,MISCELLANEOUS SUPPLEMENTS,MISCELLANEOUS SUPPLEMENTS,NA_Test_for_FI.xlsx (2022 Taxonomy Update),Updated from OLD: 'MISCELLANEOUS SUPPLEMENTS/MISCELLANEOUS SUPPLEMENTS' → NEW: 'MISCELLANEOUS SUPPLEMENTS/NON-SPECIFIC'
reusable eye masks & pillows,REMOVE,,,Non-supplement category,,,REMOVE action,Non-supplement - no category mapping needed
reusable menstrual liners & pads,REMOVE,,,Non-supplement category,,,REMOVE action,Non-supplement - no category mapping needed
reusable period liners & pads,REMOVE,,,Non-supplement category,,,REMOVE action,Non-supplement - no category mapping needed
rosemary spice,REMOVE,,,Non-supplement category,,,REMOVE action,Non-supplement - no category mapping needed
royal jelly,REMAP,HERBAL REMEDIES,FOOD SUPPLEMENTS,Maps to FOOD SUPPLEMENTS / FOOD SUPPLEMENTS,FOOD SUPPLEMENTS,FOOD SUPPLEMENTS,NA_Test_for_FI.xlsx (2022 Taxonomy Update),Updated from OLD: 'FOOD SUPPLEMENTS/FOOD SUPPLEMENTS' → NEW: 'HERBAL REMEDIES/FOOD SUPPLEMENTS'
saffron spice,REMOVE,,,Non-supplement category,,,REMOVE action,Non-supplement - no category mapping needed
sage leaf spice,REMOVE,,,Non-supplement category,,,REMOVE action,Non-supplement - no category mapping needed
salon & spa equipment,REMOVE,,,Non-supplement category,,,REMOVE action,Non-supplement - no category mapping needed
salon chairs & stools,REMOVE,,,Non-supplement category,,,REMOVE action,Non-supplement - no category mapping needed
salon sanitation & disinfection,REMOVE,,,Non-supplement category,,,REMOVE action,Non-supplement - no category mapping needed
salon stations & tables,REMOVE,,,Non-supplement category,,,REMOVE action,Non-supplement - no category mapping needed
sauna suits,REMOVE,,,Non-supplement category,,,REMOVE action,Non-supplement - no category mapping needed
savory spice,REMOVE,,,Non-supplement category,,,REMOVE action,Non-supplement - no category mapping needed
saw palmetto herbal supplements,REMAP,HERBAL REMEDIES,NON-SPECIFIC,Maps to HERBAL REMEDIES / NON-SPECIFIC,,,Original (No change needed),Already using NEW taxonomy
selenium supplements,REMAP,BASIC VITAMINS & MINERALS,MINERALS,Maps to BASIC VITAMINS & MINERALS / MINERALS,,,Original (No change needed),Already using NEW taxonomy
sesame,REMOVE,,,Non-supplement category,,,REMOVE action,Non-supplement - no category mapping needed
sesame oil,REMOVE,,,Non-supplement category,,,REMOVE action,Non-supplement - no category mapping needed
sesame seed spice,REMOVE,,,Non-supplement category,,,REMOVE action,Non-supplement - no category mapping needed
sex bondage gear & accessories,REMOVE,,,Non-supplement category,,,REMOVE action,Non-supplement - no category mapping needed
sex lubricants,REMOVE,,,Non-supplement category,,,REMOVE action,Non-supplement - no category mapping needed
sex toys,REMOVE,,,Non-supplement category,,,REMOVE action,Non-supplement - no category mapping needed
single homeopathic remedies,REMAP,HOMEOPATHICS,NON-SPECIFIC,Maps to HOMEOPATHICS / HOMEOPATHICS,HOMEOPATHICS,HOMEOPATHICS,NA_Test_for_FI.xlsx (2022 Taxonomy Update),Updated from OLD: 'HOMEOPATHICS/HOMEOPATHICS' → NEW: 'HOMEOPATHICS/NON-SPECIFIC'
sinus medicine,REMAP,OTC,"OTC - COUGH, COLD & FLU","Maps to OTC / OTC - COUGH, COLD & FLU",,,Original (No change needed),Already using NEW taxonomy
skin care devices,REMOVE,,,Non-supplement category,,,REMOVE action,Non-supplement - no category mapping needed
skin care kits & sets,REMOVE,,,Non-supplement category,,,REMOVE action,Non-supplement - no category mapping needed
skin care sets & kits,REMOVE,,,Non-supplement category,,,REMOVE action,Non-supplement - no category mapping needed
skin care tools & devices,REMOVE,,,Non-supplement category,,,REMOVE action,Non-supplement - no category mapping needed
skin healing ointments & balms,REMOVE,,,Non-supplement category,,,REMOVE action,Non-supplement - no category mapping needed
sleeping masks,REMOVE,,,Non-supplement category,,,REMOVE action,Non-supplement - no category mapping needed
smoothies,REMOVE,,,Non-supplement category,,,REMOVE action,Non-supplement - no category mapping needed
snore reducing aids,REMOVE,,,Non-supplement category,,,REMOVE action,Non-supplement - no category mapping needed
soft drink mixes,REMOVE,,,Non-supplement category,,,REMOVE action,Non-supplement - no category mapping needed
sound therapy & tuning forks,REMOVE,,,Non-supplement category,,,REMOVE action,Non-supplement - no category mapping needed
sour cream,REMOVE,,,Non-supplement category,,,REMOVE action,Non-supplement - no category mapping needed
spa treatment devices,REMOVE,,,Non-supplement category,,,REMOVE action,Non-supplement - no category mapping needed
speed & agility training,REMOVE,,,Non-supplement category,,,REMOVE action,Non-supplement - no category mapping needed
sphygmomanometers,REMOVE,,,Non-supplement category,,,REMOVE action,Non-supplement - no category mapping needed
stethoscopes & accessories,REMOVE,,,Non-supplement category,,,REMOVE action,Non-supplement - no category mapping needed
stevia herbal supplements,REMAP,HERBAL REMEDIES,NON-SPECIFIC,Maps to HERBAL REMEDIES / NON-SPECIFIC,,,Original (No change needed),Already using NEW taxonomy
stevia sugar substitutes,REMAP,HERBAL REMEDIES,NON-SPECIFIC,Maps to HERBAL REMEDIES / NON-SPECIFIC,,,Original (No change needed),Already using NEW taxonomy
sugars,REMOVE,,,Non-supplement category,,,REMOVE action,Non-supplement - no category mapping needed
sunflower seeds,REMOVE,,,Non-supplement category,,,REMOVE action,Non-supplement - no category mapping needed
superfoods,REMAP,HERBAL REMEDIES,FOOD SUPPLEMENTS,Maps to FOOD SUPPLEMENTS / FOOD SUPPLEMENTS,FOOD SUPPLEMENTS,FOOD SUPPLEMENTS,NA_Test_for_FI.xlsx (2022 Taxonomy Update),Updated from OLD: 'FOOD SUPPLEMENTS/FOOD SUPPLEMENTS' → NEW: 'HERBAL REMEDIES/FOOD SUPPLEMENTS'
surgical supplies & tools,REMOVE,,,Non-supplement category,,,REMOVE action,Non-supplement - no category mapping needed
sweet basil leaf spice,REMAP,HERBAL REMEDIES,NON-SPECIFIC,Maps to HERBAL REMEDIES / NON-SPECIFIC,,,Original (No change needed),Already using NEW taxonomy
tampons,REMOVE,,,Non-supplement category,,,REMOVE action,Non-supplement - no category mapping needed
tattoo supplies & care,REMOVE,,,Non-supplement category,,,REMOVE action,Non-supplement - no category mapping needed
testosterone boosters,REMAP,ACTIVE NUTRITION,PERFORMANCE NUTRITION,Maps to PERFORMANCE NUTRITION / PERFORMANCE NUTRITION,PERFORMANCE NUTRITION,PERFORMANCE NUTRITION,NA_Test_for_FI.xlsx (2022 Taxonomy Update),Updated from OLD: 'PERFORMANCE NUTRITION/PERFORMANCE NUTRITION' → NEW: 'ACTIVE NUTRITION/PERFORMANCE NUTRITION'
therapy hot water bottles,REMOVE,,,Non-supplement category,,,REMOVE action,Non-supplement - no category mapping needed
thyme spice,REMOVE,,,Non-supplement category,,,REMOVE action,Non-supplement - no category mapping needed
trace minerals,REMAP,BASIC VITAMINS & MINERALS,MINERALS,Maps to BASIC VITAMINS & MINERALS / MINERALS,,,Original (No change needed),Already using NEW taxonomy
trampolines & accessories,REMOVE,,,Non-supplement category,,,REMOVE action,Non-supplement - no category mapping needed
treadmill accessories,REMOVE,,,Non-supplement category,,,REMOVE action,Non-supplement - no category mapping needed
treadmills,REMOVE,,,Non-supplement category,,,REMOVE action,Non-supplement - no category mapping needed
truffle,REMOVE,,,Non-supplement category,,,REMOVE action,Non-supplement - no category mapping needed
truffle oil,REMOVE,,,Non-supplement category,,,REMOVE action,Non-supplement - no category mapping needed
tubular bandages & wraps,REMOVE,,,Non-supplement category,,,REMOVE action,Non-supplement - no category mapping needed
turmeric & curcumin supplements,REMAP,HERBAL REMEDIES,NON-SPECIFIC,Maps to HERBAL REMEDIES / NON-SPECIFIC,,,Original (No change needed),Already using NEW taxonomy
turmeric herbal supplements,REMAP,HERBAL REMEDIES,NON-SPECIFIC,Maps to HERBAL REMEDIES / NON-SPECIFIC,,,Original (No change needed),Already using NEW taxonomy
turmeric spice,REMOVE,,,Non-supplement category,,,REMOVE action,Non-supplement - no category mapping needed
tweezers,REMOVE,,,Non-supplement category,,,REMOVE action,Non-supplement - no category mapping needed
unclassified,REMOVE,,,Non-supplement category,,,REMOVE action,Non-supplement - no category mapping needed
vaginal moisturizers,REMOVE,,,Non-supplement category,,,REMOVE action,Non-supplement - no category mapping needed
vanilla beans spice,REMOVE,,,Non-supplement category,,,REMOVE action,Non-supplement - no category mapping needed
vegetable,REMOVE,,,Non-supplement category,,,REMOVE action,Non-supplement - no category mapping needed
vegetable oil,REMOVE,,,Non-supplement category,,,REMOVE action,Non-supplement - no category mapping needed
virus & infection test kits,REMOVE,,,Non-supplement category,,,REMOVE action,Non-supplement - no category mapping needed
vitamin a supplements,REMAP,BASIC VITAMINS & MINERALS,LETTER VITAMINS,Maps to BASIC VITAMINS & MINERALS / LETTER VITAMINS,,,Original (No change needed),Already using NEW taxonomy
vitamin b-complex,REMAP,BASIC VITAMINS & MINERALS,LETTER VITAMINS,Maps to BASIC VITAMINS & MINERALS / LETTER VITAMINS,,,Original (No change needed),Already using NEW taxonomy
vitamin b12,REMAP,BASIC VITAMINS & MINERALS,LETTER VITAMINS,Maps to BASIC VITAMINS & MINERALS / LETTER VITAMINS,,,Original (No change needed),Already using NEW taxonomy
vitamin b3 (niacin),REMAP,BASIC VITAMINS & MINERALS,LETTER VITAMINS,Maps to BASIC VITAMINS & MINERALS / LETTER VITAMINS,,,Original (No change needed),Already using NEW taxonomy
vitamin b6,REMAP,BASIC VITAMINS & MINERALS,LETTER VITAMINS,Maps to BASIC VITAMINS & MINERALS / LETTER VITAMINS,,,Original (No change needed),Already using NEW taxonomy
vitamin b7 (biotin),REMAP,BASIC VITAMINS & MINERALS,LETTER VITAMINS,Maps to BASIC VITAMINS & MINERALS / LETTER VITAMINS,,,Original (No change needed),Already using NEW taxonomy
vitamin b9 (folic acid),REMAP,BASIC VITAMINS & MINERALS,LETTER VITAMINS,Maps to BASIC VITAMINS & MINERALS / LETTER VITAMINS,,,Original (No change needed),Already using NEW taxonomy
vitamin bioflavonoid complex,REMAP,BASIC VITAMINS & MINERALS,LETTER VITAMINS,Maps to BASIC VITAMINS & MINERALS / LETTER VITAMINS,,,Original (No change needed),Already using NEW taxonomy
vitamin c-complex,REMAP,BASIC VITAMINS & MINERALS,LETTER VITAMINS,Maps to BASIC VITAMINS & MINERALS / LETTER VITAMINS,,,Original (No change needed),Already using NEW taxonomy
vitamin d supplements,REMAP,BASIC VITAMINS & MINERALS,LETTER VITAMINS,Maps to BASIC VITAMINS & MINERALS / LETTER VITAMINS,,,Original (No change needed),Already using NEW taxonomy
vitamin e supplements,REMAP,BASIC VITAMINS & MINERALS,LETTER VITAMINS,Maps to BASIC VITAMINS & MINERALS / LETTER VITAMINS,,,Original (No change needed),Already using NEW taxonomy
vitamin k supplements,REMAP,BASIC VITAMINS & MINERALS,LETTER VITAMINS,Maps to BASIC VITAMINS & MINERALS / LETTER VITAMINS,,,Original (No change needed),Already using NEW taxonomy
walnuts,REMOVE,,,Non-supplement category,,,REMOVE action,Non-supplement - no category mapping needed
water flavoring drops,REMOVE,,,Non-supplement category,,,REMOVE action,Non-supplement - no category mapping needed
weight gainers,REMAP,ACTIVE NUTRITION,WEIGHT MANAGEMENT FORMULAS,Maps to WEIGHT MANAGEMENT FORMULAS / WEIGHT MANAGEMENT FORMULAS,WEIGHT MANAGEMENT FORMULAS,WEIGHT MANAGEMENT FORMULAS,NA_Test_for_FI.xlsx (2022 Taxonomy Update),Updated from OLD: 'WEIGHT MANAGEMENT FORMULAS/WEIGHT MANAGEMENT FORMULAS' → NEW: 'ACTIVE NUTRITION/WEIGHT MANAGEMENT FORMULAS'
weight loss bars,REMOVE,,,Non-supplement category,,,REMOVE action,Non-supplement - no category mapping needed
weight loss detox & cleanse,REMAP,ACTIVE NUTRITION,WEIGHT MANAGEMENT FORMULAS,Maps to WEIGHT MANAGEMENT FORMULAS / WEIGHT MANAGEMENT FORMULAS,WEIGHT MANAGEMENT FORMULAS,WEIGHT MANAGEMENT FORMULAS,NA_Test_for_FI.xlsx (2022 Taxonomy Update),Updated from OLD: 'WEIGHT MANAGEMENT FORMULAS/WEIGHT MANAGEMENT FORMULAS' → NEW: 'ACTIVE NUTRITION/WEIGHT MANAGEMENT FORMULAS'
weight loss diet kits & systems,REMAP,ACTIVE NUTRITION,WEIGHT MANAGEMENT FORMULAS,Maps to WEIGHT MANAGEMENT FORMULAS / WEIGHT MANAGEMENT FORMULAS,WEIGHT MANAGEMENT FORMULAS,WEIGHT MANAGEMENT FORMULAS,NA_Test_for_FI.xlsx (2022 Taxonomy Update),Updated from OLD: 'WEIGHT MANAGEMENT FORMULAS/WEIGHT MANAGEMENT FORMULAS' → NEW: 'ACTIVE NUTRITION/WEIGHT MANAGEMENT FORMULAS'
weight loss diuretics,REMAP,ACTIVE NUTRITION,WEIGHT MANAGEMENT FORMULAS,Maps to WEIGHT MANAGEMENT FORMULAS / WEIGHT MANAGEMENT FORMULAS,WEIGHT MANAGEMENT FORMULAS,WEIGHT MANAGEMENT FORMULAS,NA_Test_for_FI.xlsx (2022 Taxonomy Update),Updated from OLD: 'WEIGHT MANAGEMENT FORMULAS/WEIGHT MANAGEMENT FORMULAS' → NEW: 'ACTIVE NUTRITION/WEIGHT MANAGEMENT FORMULAS'
weight loss shakes & powders,REMAP,ACTIVE NUTRITION,WEIGHT MANAGEMENT FORMULAS,Maps to WEIGHT MANAGEMENT FORMULAS / WEIGHT MANAGEMENT FORMULAS,WEIGHT MANAGEMENT FORMULAS,WEIGHT MANAGEMENT FORMULAS,NA_Test_for_FI.xlsx (2022 Taxonomy Update),Updated from OLD: 'WEIGHT MANAGEMENT FORMULAS/WEIGHT MANAGEMENT FORMULAS' → NEW: 'ACTIVE NUTRITION/WEIGHT MANAGEMENT FORMULAS'
weight loss supplements,REMAP,ACTIVE NUTRITION,WEIGHT MANAGEMENT FORMULAS,Maps to WEIGHT MANAGEMENT FORMULAS / WEIGHT MANAGEMENT FORMULAS,WEIGHT MANAGEMENT FORMULAS,WEIGHT MANAGEMENT FORMULAS,NA_Test_for_FI.xlsx (2022 Taxonomy Update),Updated from OLD: 'WEIGHT MANAGEMENT FORMULAS/WEIGHT MANAGEMENT FORMULAS' → NEW: 'ACTIVE NUTRITION/WEIGHT MANAGEMENT FORMULAS'
whey protein,REMAP,ACTIVE NUTRITION,PROTEIN & MEAL REPLACEMENTS,Maps to PROTEIN SUPPLEMENTS & MEAL REPLACEMENTS / PROTEIN & MEAL REPLACEMENTS POWDER,PROTEIN SUPPLEMENTS & MEAL REPLACEMENTS,PROTEIN & MEAL REPLACEMENTS POWDER,NA_Test_for_FI.xlsx (2022 Taxonomy Update),Updated from OLD: 'PROTEIN SUPPLEMENTS & MEAL REPLACEMENTS/PROTEIN & MEAL REPLACEMENTS POWDER' → NEW: 'ACTIVE NUTRITION/PROTEIN & MEAL REPLACEMENTS'
women jeans,REMOVE,,,Non-supplement category,,,REMOVE action,Non-supplement - no category mapping needed
wound & scar care,REMOVE,,,Non-supplement category,,,REMOVE action,Non-supplement - no category mapping needed
wound care,REMOVE,,,Non-supplement category,,,REMOVE action,Non-supplement - no category mapping needed
xylitol sugar substitutes,REMOVE,,,Non-supplement category,,,REMOVE action,Non-supplement - no category mapping needed
yogurt,REMOVE,,,Non-supplement category,,,REMOVE action,Non-supplement - no category mapping needed
zinc supplements,REMAP,BASIC VITAMINS & MINERALS,MINERALS,Maps to BASIC VITAMINS & MINERALS / MINERALS,,,Original (No change needed),Already using NEW taxonomy
