subcategory,action,category,subcategory_remap,notes
acetyl-l-carnitine amino acids,REMAP,AMINO ACIDS,AMINO ACIDS,Maps to AMINO ACIDS / AMINO ACIDS
acne & blemish treatments,REMOVE,,,Non-supplement category
acupressure & acupuncture supplies,REMOVE,,,Non-supplement category
adhesive bandages,REMOVE,,,Non-supplement category
allergy  sinus & asthma supplies,REMOVE,,,Non-supplement category
allergy medicine,REMOVE,,,Non-supplement category
"allergy, sinus & asthma supplies",REMOVE,,,Non-supplement category
allspice spice,REMOVE,,,Non-supplement category
almonds,REMOVE,,,Non-supplement category
aloe vera herbal supplements,REMAP,HERBAL REMEDIES,NON-SPECIFIC,Maps to HERBAL REMEDIES / NON-SPECIFIC
alternative medicine flower essences,REMAP,FLOWER ESSENCES,FLOWER ESSENCES,Maps to FLOWER ESSENCES / FLOWER ESSENCES
alternative medicine light therapy,REMOVE,,,Non-supplement category
alternative medicine sound therapy,REMOVE,,,Non-supplement category
amino blends & bcaas,REMAP,AMINO ACIDS,AMINO ACIDS,Maps to AMINO ACIDS / AMINO ACIDS
anise seeds spice,REMOVE,,,Non-supplement category
antacids,REMAP,DIGESTIVE AIDS & ENZYMES,DIGESTIVE AIDS & ENZYMES,Maps to DIGESTIVE AIDS & ENZYMES / DIGESTIVE AIDS & ENZYMES
anti-chafing products,REMOVE,,,Non-supplement category
antibiotic ointments,REMOVE,,,Non-supplement category
antifungal treatments,REMOVE,,,Non-supplement category
antioxidants,REMAP,BASIC VITAMINS & MINERALS,MINERALS,Maps to BASIC VITAMINS & MINERALS / MINERALS
antiseptic cleansing cloths  swabs & wipes,REMOVE,,,Non-supplement category
"antiseptic cleansing cloths, swabs & wipes",REMOVE,,,Non-supplement category
antiseptic treatments,REMOVE,,,Non-supplement category
appetite control & suppressants,REMAP,BASIC VITAMINS & MINERALS,LETTER VITAMINS,Maps to BASIC VITAMINS & MINERALS / LETTER VITAMINS
apple cider vinegar supplements,REMAP,HERBAL REMEDIES,FOOD SUPPLEMENTS,Maps to HERBAL REMEDIES / FOOD SUPPLEMENTS
apple cider vinegars,REMOVE,,,Non-supplement category
aromatherapy & essential oils,REMOVE,,,Non-supplement category
aromatherapy products & supplies,REMOVE,,,Non-supplement category
ashwagandha herbal supplements,REMAP,HERBAL REMEDIES,NON-SPECIFIC,Maps to HERBAL REMEDIES / NON-SPECIFIC
asthma medicine,REMOVE,,,Non-supplement category
athletic & medical tape,REMOVE,,,Non-supplement category
athletic tape & supplies,REMOVE,,,Non-supplement category
baby body wash & soaps,REMOVE,,,Non-supplement category
baby colic & gas relief,REMAP,HOMEOPATHICS,NON-SPECIFIC,Maps to HOMEOPATHICS / NON-SPECIFIC
baby grooming & healthcare kits,REMOVE,,,Non-supplement category
baby health products,REMOVE,,,Non-supplement category
baby nail care,REMOVE,,,Non-supplement category
balance trainers,REMOVE,,,Non-supplement category
balsamic vinegars,REMOVE,,,Non-supplement category
bandage pads & gauze,REMOVE,,,Non-supplement category
bandaging pads,REMOVE,,,Non-supplement category
bandaging pads & covers,REMOVE,,,Non-supplement category
bar soaps,REMOVE,,,Non-supplement category
basil leaf spice,REMOVE,,,Non-supplement category
bath bombs,REMOVE,,,Non-supplement category
bath salts,REMOVE,,,Non-supplement category
bay leaf spice,REMOVE,,,Non-supplement category
bcaas,REMAP,AMINO ACIDS,AMINO ACIDS,Maps to AMINO ACIDS / AMINO ACIDS
beet root supplements,REMAP,HERBAL REMEDIES,NON-SPECIFIC,Maps to HERBAL REMEDIES / NON-SPECIFIC
bike trainers & accessories,REMOVE,,,Non-supplement category
bitters cocktail mixers,REMOVE,,,Non-supplement category
blended supplements & vitamins,REMAP,MISCELLANEOUS SUPPLEMENTS,NON-SPECIFIC,Maps to MISCELLANEOUS SUPPLEMENTS / NON-SPECIFIC
bloody mary cocktail mixers,REMOVE,,,Non-supplement category
body butter,REMOVE,,,Non-supplement category
body butters,REMOVE,,,Non-supplement category
body care sets,REMOVE,,,Non-supplement category
body care sets & kits,REMOVE,,,Non-supplement category
body cleansing wipes,REMOVE,,,Non-supplement category
body creams,REMOVE,,,Non-supplement category
body creams & lotions,REMOVE,,,Non-supplement category
body groomers,REMOVE,,,Non-supplement category
body groomers & brushes,REMOVE,,,Non-supplement category
body lotions,REMOVE,,,Non-supplement category
body oils,REMOVE,,,Non-supplement category
body scrubs & body treatments,REMOVE,,,Non-supplement category
body washes,REMOVE,,,Non-supplement category
body washes & shower gels,REMOVE,,,Non-supplement category
books,REMOVE,,,Non-supplement category
bubble baths & soaks,REMOVE,,,Non-supplement category
burn & rash relief,REMOVE,,,Non-supplement category
butter,REMOVE,,,Non-supplement category
calcium ascorbate,REMAP,BASIC VITAMINS & MINERALS,MINERALS,Maps to BASIC VITAMINS & MINERALS / MINERALS
calcium citrate supplements,REMAP,BASIC VITAMINS & MINERALS,MINERALS,Maps to BASIC VITAMINS & MINERALS / MINERALS
calcium magnesium supplements,REMAP,BASIC VITAMINS & MINERALS,MINERALS,Maps to BASIC VITAMINS & MINERALS / MINERALS
calcium supplements,REMAP,BASIC VITAMINS & MINERALS,MINERALS,Maps to BASIC VITAMINS & MINERALS / MINERALS
calcium vitamin d combination supplements,REMAP,BASIC VITAMINS & MINERALS,MINERALS,Maps to BASIC VITAMINS & MINERALS / MINERALS
calcium-vitamin d combination supplements,REMAP,BASIC VITAMINS & MINERALS,MINERALS,Maps to BASIC VITAMINS & MINERALS / MINERALS
canola,REMOVE,,,Non-supplement category
canola oil,REMOVE,,,Non-supplement category
caraway seed spice,REMOVE,,,Non-supplement category
cardamom seed spice,REMOVE,,,Non-supplement category
cardio training,REMOVE,,,Non-supplement category
carnitine amino acids,REMAP,AMINO ACIDS,AMINO ACIDS,Maps to AMINO ACIDS / AMINO ACIDS
cashews,REMOVE,,,Non-supplement category
cat catnip treats,REMOVE,,,Non-supplement category
cat claw care,REMOVE,,,Non-supplement category
cat dental care,REMOVE,,,Non-supplement category
cat digestive remedies,REMOVE,,,Non-supplement category
cat flea & tick collars,REMOVE,,,Non-supplement category
cat flea & tick drops,REMOVE,,,Non-supplement category
cat hairball remedy pastes & gels,REMOVE,,,Non-supplement category
cat health supplements,REMOVE,,,Non-supplement category
cat hip & joint care,REMOVE,,,Non-supplement category
cat relaxants,REMOVE,,,Non-supplement category
cbd & hemp extract products,REMAP,OIL CATEGORY,HEMP/CBD,Maps to OIL CATEGORY / HEMP/CBD
celery seed spice,REMOVE,,,Non-supplement category
cheddar cheese,REMOVE,,,Non-supplement category
cheese & charcuterie trays,REMOVE,,,Non-supplement category
cheese assortments & samplers,REMOVE,,,Non-supplement category
chest rubs,REMAP,HERBAL/HOMEOPATHIC COLD & FLU,NON-SPECIFIC,Maps to HERBAL/HOMEOPATHIC COLD & FLU / NON-SPECIFIC
chest rubs & vapors,REMOVE,,,Non-supplement category
chia seeds,REMOVE,,,Non-supplement category
chili powder spice,REMOVE,,,Non-supplement category
chocolate drink mixes,REMOVE,,,Non-supplement category
choline supplements,REMAP,BASIC VITAMINS & MINERALS,LETTER VITAMINS,Maps to BASIC VITAMINS & MINERALS / LETTER VITAMINS
chondroitin & glucosamine,REMAP,GLUCOSAMINE & CHONDROITIN,GLUCOSAMINE & CHONDROITIN,Maps to GLUCOSAMINE & CHONDROITIN / GLUCOSAMINE & CHONDROITIN
chromium supplements,REMAP,BASIC VITAMINS & MINERALS,MINERALS,Maps to BASIC VITAMINS & MINERALS / MINERALS
cinnamon herbal supplements,REMAP,HERBAL REMEDIES,NON-SPECIFIC,Maps to HERBAL REMEDIES / NON-SPECIFIC
cinnamon spice,REMOVE,,,Non-supplement category
cla supplements,REMAP,WEIGHT MANAGEMENT FORMULAS,WEIGHT MANAGEMENT FORMULAS,Maps to WEIGHT MANAGEMENT FORMULAS / WEIGHT MANAGEMENT FORMULAS
cleansing cloths swabs & wipes,REMOVE,,,Non-supplement category
clothing,REMOVE,,,Non-supplement category
cloves spice,REMOVE,,,Non-supplement category
cocktail mixers & additives,REMOVE,,,Non-supplement category
cocoa,REMOVE,,,Non-supplement category
coconut,REMAP,OIL CATEGORY,COCONUT OIL,Maps to OIL CATEGORY / COCONUT OIL
coconut oil,REMAP,OIL CATEGORY,COCONUT OIL,Maps to OIL CATEGORY / COCONUT OIL
cold & flu relief,REMAP,HERBAL/HOMEOPATHIC COLD & FLU,NON-SPECIFIC,Maps to HERBAL/HOMEOPATHIC COLD & FLU / NON-SPECIFIC
cold & flu treatments,REMAP,OTC,"OTC - COUGH, COLD & FLU","Maps to OTC / OTC - COUGH, COLD & FLU"
cold & hot therapy,REMOVE,,,Non-supplement category
cold packs,REMOVE,,,Non-supplement category
cold sore & fever blister treatments,REMAP,HERBAL/HOMEOPATHIC COLD & FLU,NON-SPECIFIC,Maps to HERBAL/HOMEOPATHIC COLD & FLU / NON-SPECIFIC
collagen supplements,REMAP,BASIC VITAMINS & MINERALS,MINERALS,Maps to BASIC VITAMINS & MINERALS / MINERALS
colloidal minerals supplements,REMAP,BASIC VITAMINS & MINERALS,MINERALS,Maps to BASIC VITAMINS & MINERALS / MINERALS
combined vitamin mineral supplements,REMAP,COMBINED MULTIVITAMINS,NON-SPECIFIC,Maps to COMBINED MULTIVITAMINS / NON-SPECIFIC
combined vitamin-mineral supplements,REMAP,COMBINED MULTIVITAMINS,NON-SPECIFIC,Maps to COMBINED MULTIVITAMINS / NON-SPECIFIC
cooking wine,REMOVE,,,Non-supplement category
coral calcium supplements,REMAP,BASIC VITAMINS & MINERALS,MINERALS,Maps to BASIC VITAMINS & MINERALS / MINERALS
coriander spice,REMOVE,,,Non-supplement category
cottage cheese,REMOVE,,,Non-supplement category
cough drops,REMAP,HERBAL/HOMEOPATHIC COLD & FLU,NON-SPECIFIC,Maps to HERBAL/HOMEOPATHIC COLD & FLU / NON-SPECIFIC
cough drops & lozenges,REMAP,HERBAL/HOMEOPATHIC COLD & FLU,NON-SPECIFIC,Maps to HERBAL/HOMEOPATHIC COLD & FLU / NON-SPECIFIC
cough syrups,REMAP,HERBAL/HOMEOPATHIC COLD & FLU,NON-SPECIFIC,Maps to HERBAL/HOMEOPATHIC COLD & FLU / NON-SPECIFIC
cough syrups & liquids,REMAP,HERBAL/HOMEOPATHIC COLD & FLU,NON-SPECIFIC,Maps to HERBAL/HOMEOPATHIC COLD & FLU / NON-SPECIFIC
cpap products & accessories,REMOVE,,,Non-supplement category
cranberry herbal supplements,REMAP,HERBAL REMEDIES,FOOD SUPPLEMENTS,Maps to HERBAL REMEDIES / FOOD SUPPLEMENTS
cream cheese,REMOVE,,,Non-supplement category
creatine amino acids,REMAP,AMINO ACIDS,AMINO ACIDS,Maps to AMINO ACIDS / AMINO ACIDS
cumin spice,REMOVE,,,Non-supplement category
curcumin herbal supplements,REMAP,HERBAL REMEDIES,NON-SPECIFIC,Maps to HERBAL REMEDIES / NON-SPECIFIC
decongestant sprays,REMAP,HERBAL/HOMEOPATHIC COLD & FLU,NON-SPECIFIC,Maps to HERBAL/HOMEOPATHIC COLD & FLU / NON-SPECIFIC
dhea,REMAP,BASIC VITAMINS & MINERALS,DHEA & PREGNENOLONE & HORMONES,Maps to BASIC VITAMINS & MINERALS / DHEA & PREGNENOLONE & HORMONES
dhea supplements,REMAP,BASIC VITAMINS & MINERALS,DHEA & PREGNENOLONE & HORMONES,Maps to BASIC VITAMINS & MINERALS / DHEA & PREGNENOLONE & HORMONES
diarrhea relief,REMAP,DIGESTIVE AIDS & ENZYMES,DIGESTIVE AIDS & ENZYMES,Maps to DIGESTIVE AIDS & ENZYMES / DIGESTIVE AIDS & ENZYMES
dietary fibers,REMAP,FIBER PRODUCTS & LAXATIVES,FIBER PRODUCTS & LAXATIVES,Maps to FIBER PRODUCTS & LAXATIVES / FIBER PRODUCTS & LAXATIVES
dill spice,REMOVE,,,Non-supplement category
dog dental care,REMOVE,,,Non-supplement category
dog digestive remedies,REMOVE,,,Non-supplement category
dog dna test,REMOVE,,,Non-supplement category
dog dna tests,REMOVE,,,Non-supplement category
dog flea & tick collars,REMOVE,,,Non-supplement category
dog flea & tick drops,REMOVE,,,Non-supplement category
dog hip & joint care,REMOVE,,,Non-supplement category
dog supplements & vitamins,REMOVE,,,Non-supplement category
drug & alcohol test kits,REMOVE,,,Non-supplement category
drug test kits & supplies,REMOVE,,,Non-supplement category
drug tests,REMOVE,,,Non-supplement category
dry shampoo,REMOVE,,,Non-supplement category
echinacea herbal supplements,REMAP,HERBAL/HOMEOPATHIC COLD & FLU,NON-SPECIFIC,Maps to HERBAL/HOMEOPATHIC COLD & FLU / NON-SPECIFIC
eczema psoriasis & rosacea care,REMOVE,,,Non-supplement category
eggs & egg substitutes,REMOVE,,,Non-supplement category
elderberry herbal supplements,REMAP,HERBAL/HOMEOPATHIC COLD & FLU,NON-SPECIFIC,Maps to HERBAL/HOMEOPATHIC COLD & FLU / NON-SPECIFIC
electrolyte drink mixes,REMAP,ACTIVE NUTRITION,HYDRATION,Maps to ACTIVE NUTRITION / HYDRATION
electrolyte drink mixes & supplements,REMAP,ACTIVE NUTRITION,HYDRATION,Maps to ACTIVE NUTRITION / HYDRATION
electronic sanitizers & accessories,REMOVE,,,Non-supplement category
emergency contraceptives,REMOVE,,,Non-supplement category
emergency food supplies,REMOVE,,,Non-supplement category
emergency survival kits,REMOVE,,,Non-supplement category
energy candy & mints,REMOVE,,,Non-supplement category
energy chews & gels,REMAP,PERFORMANCE NUTRITION,PERFORMANCE NUTRITION,Maps to PERFORMANCE NUTRITION / PERFORMANCE NUTRITION
energy drinks,REMOVE,,,Non-supplement category
energy herbals,REMAP,HERBAL REMEDIES,NON-SPECIFIC,Maps to HERBAL REMEDIES / NON-SPECIFIC
energy powders,REMAP,HERBAL REMEDIES,NON-SPECIFIC,Maps to HERBAL REMEDIES / NON-SPECIFIC
energy shots,REMAP,MISCELLANEOUS SUPPLEMENTS,MISCELLANEOUS SUPPLEMENTS,Maps to MISCELLANEOUS SUPPLEMENTS / MISCELLANEOUS SUPPLEMENTS
energy supplements,REMAP,HERBAL REMEDIES,NON-SPECIFIC,Maps to HERBAL REMEDIES / NON-SPECIFIC
enzyme supplements,REMAP,DIGESTIVE AIDS & ENZYMES,DIGESTIVE AIDS & ENZYMES,Maps to DIGESTIVE AIDS & ENZYMES / DIGESTIVE AIDS & ENZYMES
examination supplies & consumables,REMOVE,,,Non-supplement category
exercise balls,REMOVE,,,Non-supplement category
exercise bands,REMOVE,,,Non-supplement category
exercise gloves,REMOVE,,,Non-supplement category
exercise machine attachments,REMOVE,,,Non-supplement category
exercise mats,REMOVE,,,Non-supplement category
exercise videos,REMOVE,,,Non-supplement category
exercise wraps & straps,REMOVE,,,Non-supplement category
eye care treatments,REMOVE,,,Non-supplement category
eye creams,REMOVE,,,Non-supplement category
face & sheet masks,REMOVE,,,Non-supplement category
face care sets & kits,REMOVE,,,Non-supplement category
face cleanser cloths & towelettes,REMOVE,,,Non-supplement category
face cleansers,REMOVE,,,Non-supplement category
face cleansers & washes,REMOVE,,,Non-supplement category
face cleansing cloths & pads,REMOVE,,,Non-supplement category
face cleansing tools,REMOVE,,,Non-supplement category
face creams,REMOVE,,,Non-supplement category
face creams & moisturizers,REMOVE,,,Non-supplement category
face creams and moisturizers,REMOVE,,,Non-supplement category
face exfoliators & peels,REMOVE,,,Non-supplement category
face exfoliators polishes & scrubs,REMOVE,,,Non-supplement category
face masks,REMOVE,,,Non-supplement category
face mists & essences,REMOVE,,,Non-supplement category
face moisturizers,REMOVE,,,Non-supplement category
face oils,REMOVE,,,Non-supplement category
face rollers & sculptors,REMOVE,,,Non-supplement category
face serums,REMOVE,,,Non-supplement category
face toners,REMOVE,,,Non-supplement category
face toners & astringents,REMOVE,,,Non-supplement category
face treatments,REMOVE,,,Non-supplement category
face treatments & masks,REMOVE,,,Non-supplement category
face washes,REMOVE,,,Non-supplement category
facial & sheet masks,REMOVE,,,Non-supplement category
facial acne treatments  patches & strips,REMOVE,,,Non-supplement category
"facial acne treatments, patches & strips",REMOVE,,,Non-supplement category
facial care sets & kits,REMOVE,,,Non-supplement category
facial cleanser cloths  towelettes & pads,REMOVE,,,Non-supplement category
"facial cleanser cloths, towelettes & pads",REMOVE,,,Non-supplement category
facial creams  oils & moisturizers,REMOVE,,,Non-supplement category
"facial creams, oils & moisturizers",REMOVE,,,Non-supplement category
facial exfoliators  polishes & scrubs,REMOVE,,,Non-supplement category
"facial exfoliators, polishes & scrubs",REMOVE,,,Non-supplement category
facial rollers & sculptors,REMOVE,,,Non-supplement category
facial serums & acids,REMOVE,,,Non-supplement category
facial toners  astringents & sprays,REMOVE,,,Non-supplement category
"facial toners, astringents & sprays",REMOVE,,,Non-supplement category
facial treatments  serums & peels,REMOVE,,,Non-supplement category
"facial treatments, serums & peels",REMOVE,,,Non-supplement category
facial washes & cleansers,REMOVE,,,Non-supplement category
family planning tests,REMOVE,,,Non-supplement category
fat burners,REMAP,WEIGHT MANAGEMENT FORMULAS,WEIGHT MANAGEMENT FORMULAS,Maps to WEIGHT MANAGEMENT FORMULAS / WEIGHT MANAGEMENT FORMULAS
feminine care contraception,REMOVE,,,Non-supplement category
feminine care menopause products,REMAP,HERBAL REMEDIES,NON-SPECIFIC,Maps to HERBAL REMEDIES / NON-SPECIFIC
feminine care treatments,REMOVE,,,Non-supplement category
feminine care yeast infection treatments,REMOVE,,,Non-supplement category
feminine douches,REMOVE,,,Non-supplement category
feminine menopause products,REMAP,HERBAL REMEDIES,NON-SPECIFIC,Maps to HERBAL REMEDIES / NON-SPECIFIC
feminine pads,REMOVE,,,Non-supplement category
feminine washes,REMOVE,,,Non-supplement category
feminine wipes,REMOVE,,,Non-supplement category
fennel seed spice,REMOVE,,,Non-supplement category
fenugreek spice,REMAP,HERBAL REMEDIES,NON-SPECIFIC,Maps to HERBAL REMEDIES / NON-SPECIFIC
fertility & natal supplements,REMAP,COMBINED MULTIVITAMINS,PRENATAL,Maps to COMBINED MULTIVITAMINS / PRENATAL
first aid antibiotics ointments,REMOVE,,,Non-supplement category
first aid antifungals,REMOVE,,,Non-supplement category
first aid kits,REMOVE,,,Non-supplement category
first aid lice treatments,REMOVE,,,Non-supplement category
first aid tape,REMOVE,,,Non-supplement category
fish oil,REMAP,OIL CATEGORY,FISH OIL,Maps to OIL CATEGORY / FISH OIL
flavonoid supplements,REMAP,BASIC VITAMINS & MINERALS,LETTER VITAMINS,Maps to BASIC VITAMINS & MINERALS / LETTER VITAMINS
flavonoids,REMAP,BASIC VITAMINS & MINERALS,LETTER VITAMINS,Maps to BASIC VITAMINS & MINERALS / LETTER VITAMINS
flavor syrups,REMOVE,,,Non-supplement category
flavored syrups,REMOVE,,,Non-supplement category
flavored water,REMOVE,,,Non-supplement category
flax seed spice,REMOVE,,,Non-supplement category
flower essences & remedies,REMOVE,,,Non-supplement category
fluid administration & collection,REMOVE,,,Non-supplement category
freestanding slides,REMOVE,,,Non-supplement category
fruit juice,REMOVE,,,Non-supplement category
garlic herbal supplements,REMAP,HERBAL REMEDIES,NON-SPECIFIC,Maps to HERBAL REMEDIES / NON-SPECIFIC
garlic spice,REMOVE,,,Non-supplement category
gas relief,REMAP,DIGESTIVE AIDS & ENZYMES,DIGESTIVE AIDS & ENZYMES,Maps to DIGESTIVE AIDS & ENZYMES / DIGESTIVE AIDS & ENZYMES
gauze,REMOVE,,,Non-supplement category
ginger spice,REMAP,HERBAL REMEDIES,NON-SPECIFIC,Maps to HERBAL REMEDIES / NON-SPECIFIC
ginkgo biloba herbal supplements,REMAP,HERBAL REMEDIES,NON-SPECIFIC,Maps to HERBAL REMEDIES / NON-SPECIFIC
ginseng herbal supplements,REMAP,HERBAL REMEDIES,NON-SPECIFIC,Maps to HERBAL REMEDIES / NON-SPECIFIC
glandular extracts,REMAP,HERBAL REMEDIES,NON-SPECIFIC,Maps to HERBAL REMEDIES / NON-SPECIFIC
grape seed extract herbal supplements,REMAP,HERBAL REMEDIES,POLYPHENOLS,Maps to HERBAL REMEDIES / POLYPHENOLS
green tea herbal supplements,REMAP,HERBAL REMEDIES,POLYPHENOLS,Maps to HERBAL REMEDIES / POLYPHENOLS
gummy candy,REMOVE,,,Non-supplement category
hair coloring & highlighting tools,REMOVE,,,Non-supplement category
hair cutting tools,REMOVE,,,Non-supplement category
"hair gels, pomade & waxes",REMOVE,,,Non-supplement category
hair loss & regrowth products,REMOVE,,,Non-supplement category
hair masks,REMOVE,,,Non-supplement category
hair mousse & foams,REMOVE,,,Non-supplement category
hair oils & serums,REMOVE,,,Non-supplement category
hair skin & nails complex,REMAP,MISCELLANEOUS SUPPLEMENTS,MISCELLANEOUS SUPPLEMENTS,Maps to MISCELLANEOUS SUPPLEMENTS / MISCELLANEOUS SUPPLEMENTS
hair styling creams & sprays,REMOVE,,,Non-supplement category
hair styling foams,REMOVE,,,Non-supplement category
hair styling gels,REMOVE,,,Non-supplement category
hair styling products,REMOVE,,,Non-supplement category
hair styling sprays,REMOVE,,,Non-supplement category
"hair, skin & nails supplements",REMAP,BASIC VITAMINS & MINERALS,LETTER VITAMINS,Maps to BASIC VITAMINS & MINERALS / LETTER VITAMINS
hairspray,REMOVE,,,Non-supplement category
healing ointments & balms,REMOVE,,,Non-supplement category
health & wellness test kits,REMOVE,,,Non-supplement category
heat patches & wraps,REMOVE,,,Non-supplement category
heating pads,REMOVE,,,Non-supplement category
hemorrhoid pain relief products,REMOVE,,,Non-supplement category
hemp gummies,REMAP,OIL CATEGORY,HEMP/CBD,Maps to OIL CATEGORY / HEMP/CBD
hemp oils & creams,REMOVE,,,Non-supplement category
hemp seeds,REMOVE,,,Non-supplement category
hemp therapy products,REMOVE,,,Non-supplement category
herbal tea,REMOVE,,,Non-supplement category
hiking emergency blankets,REMOVE,,,Non-supplement category
hiking emergency fire starters,REMOVE,,,Non-supplement category
hiking emergency light sticks,REMOVE,,,Non-supplement category
hiking hydration & filtration,REMOVE,,,Non-supplement category
hiking whistles,REMOVE,,,Non-supplement category
home test,REMOVE,,,Non-supplement category
home test kits & supplies,REMOVE,,,Non-supplement category
horse wound care,REMOVE,,,Non-supplement category
infection prevention supplies,REMOVE,,,Non-supplement category
inflatable bouncers,REMOVE,,,Non-supplement category
intimate cloths & wipes,REMOVE,,,Non-supplement category
intimate douches & enemas,REMOVE,,,Non-supplement category
intimate health treatments,REMOVE,,,Non-supplement category
intimate soaps & washes,REMOVE,,,Non-supplement category
iodine supplements,REMAP,BASIC VITAMINS & MINERALS,MINERALS,Maps to BASIC VITAMINS & MINERALS / MINERALS
iron supplements,REMAP,BASIC VITAMINS & MINERALS,MINERALS,Maps to BASIC VITAMINS & MINERALS / MINERALS
ironing accessories,REMOVE,,,Non-supplement category
itching & rash treatments,REMOVE,,,Non-supplement category
jerky,REMOVE,,,Non-supplement category
joint & muscle pain relief,REMAP,HERBAL REMEDIES,NON-SPECIFIC,Maps to HERBAL REMEDIES / NON-SPECIFIC
joint & muscle pain relievers,REMOVE,,,Non-supplement category
jump ropes,REMOVE,,,Non-supplement category
l-arginine amino acids,REMAP,AMINO ACIDS,AMINO ACIDS,Maps to AMINO ACIDS / AMINO ACIDS
l-carnitine supplements,REMAP,AMINO ACIDS,AMINO ACIDS,Maps to AMINO ACIDS / AMINO ACIDS
l-glutamine amino acids,REMAP,AMINO ACIDS,AMINO ACIDS,Maps to AMINO ACIDS / AMINO ACIDS
l-lysine amino acids,REMAP,AMINO ACIDS,AMINO ACIDS,Maps to AMINO ACIDS / AMINO ACIDS
lactation consumables & supplements,REMAP,MISCELLANEOUS SUPPLEMENTS,NON-SPECIFIC,Maps to MISCELLANEOUS SUPPLEMENTS / NON-SPECIFIC
lard & shortening,REMOVE,,,Non-supplement category
laxatives,REMAP,FIBER PRODUCTS & LAXATIVES,FIBER PRODUCTS & LAXATIVES,Maps to FIBER PRODUCTS & LAXATIVES / FIBER PRODUCTS & LAXATIVES
lemonade,REMOVE,,,Non-supplement category
lice treatments,REMOVE,,,Non-supplement category
light therapy devices,REMOVE,,,Non-supplement category
liquid bandages,REMOVE,,,Non-supplement category
live indoor plants,REMOVE,,,Non-supplement category
macadamia nuts,REMOVE,,,Non-supplement category
magnesium supplements,REMAP,BASIC VITAMINS & MINERALS,MINERALS,Maps to BASIC VITAMINS & MINERALS / MINERALS
magnetic therapy,REMOVE,,,Non-supplement category
makeup removers,REMOVE,,,Non-supplement category
male condoms,REMOVE,,,Non-supplement category
maple syrup,REMOVE,,,Non-supplement category
margarita cocktail mixers,REMOVE,,,Non-supplement category
maternity skin care,REMOVE,,,Non-supplement category
maternity supports,REMOVE,,,Non-supplement category
mct oil,REMAP,OIL CATEGORY,MCT,Maps to OIL CATEGORY / MCT
medical furniture & transport,REMOVE,,,Non-supplement category
medicinal sleep aids,REMAP,BASIC VITAMINS & MINERALS,DHEA & PREGNENOLONE & HORMONES,Maps to BASIC VITAMINS & MINERALS / DHEA & PREGNENOLONE & HORMONES
men dress shirts,REMOVE,,,Non-supplement category
men jeans,REMOVE,,,Non-supplement category
men swim trunks,REMOVE,,,Non-supplement category
men's disposable razors,REMOVE,,,Non-supplement category
men's electric shavers & accessories,REMOVE,,,Non-supplement category
men's electric trimmers & accessories,REMOVE,,,Non-supplement category
men's razor cartridges & refills,REMOVE,,,Non-supplement category
men's reusable razors,REMOVE,,,Non-supplement category
men's shaving & grooming sets,REMOVE,,,Non-supplement category
men's shaving accessories,REMOVE,,,Non-supplement category
men's shaving brushes,REMOVE,,,Non-supplement category
menopause care products,REMAP,HERBAL REMEDIES,NON-SPECIFIC,Maps to HERBAL REMEDIES / NON-SPECIFIC
menstrual cups,REMOVE,,,Non-supplement category
menstrual cups & accessories,REMOVE,,,Non-supplement category
menstrual pads,REMOVE,,,Non-supplement category
menstrual panty liners,REMOVE,,,Non-supplement category
milk thistle herbal supplements,REMAP,HERBAL REMEDIES,NON-SPECIFIC,Maps to HERBAL REMEDIES / NON-SPECIFIC
mixed nuts,REMOVE,,,Non-supplement category
moisturizing nasal & throat sprays,REMAP,HERBAL/HOMEOPATHIC COLD & FLU,NON-SPECIFIC,Maps to HERBAL/HOMEOPATHIC COLD & FLU / NON-SPECIFIC
moisturizing sprays,REMAP,HERBAL/HOMEOPATHIC COLD & FLU,NON-SPECIFIC,Maps to HERBAL/HOMEOPATHIC COLD & FLU / NON-SPECIFIC
motion sickness & nausea,REMAP,DIGESTIVE AIDS & ENZYMES,DIGESTIVE AIDS & ENZYMES,Maps to DIGESTIVE AIDS & ENZYMES / DIGESTIVE AIDS & ENZYMES
msm,REMAP,MISCELLANEOUS SUPPLEMENTS,MISCELLANEOUS SUPPLEMENTS,Maps to MISCELLANEOUS SUPPLEMENTS / MISCELLANEOUS SUPPLEMENTS
multimineral supplements,REMAP,BASIC VITAMINS & MINERALS,MINERALS,Maps to BASIC VITAMINS & MINERALS / MINERALS
multivitamins,REMAP,COMBINED MULTIVITAMINS,NON-SPECIFIC,Maps to COMBINED MULTIVITAMINS / NON-SPECIFIC
mushrooms herbal supplements,REMAP,HERBAL REMEDIES,NON-SPECIFIC,Maps to HERBAL REMEDIES / NON-SPECIFIC
mustard spice,REMOVE,,,Non-supplement category
nasal strips,REMOVE,,,Non-supplement category
non-alcoholic liquors & spirits,REMOVE,,,Non-supplement category
non-aspirin pain relievers,REMAP,HERBAL REMEDIES,NON-SPECIFIC,Maps to HERBAL REMEDIES / NON-SPECIFIC
non-stick cooking oil sprays,REMOVE,,,Non-supplement category
nutmeg spice,REMOVE,,,Non-supplement category
olive,REMOVE,,,Non-supplement category
olive oil,REMOVE,,,Non-supplement category
omega oils,REMAP,OIL CATEGORY,FISH OIL,Maps to OIL CATEGORY / FISH OIL
onion spice,REMOVE,,,Non-supplement category
oregano spice,REMOVE,,,Non-supplement category
"other allergy, asthma & sinus care",REMOVE,,,Non-supplement category
other alternative medicine,REMAP,HERBAL REMEDIES,NON-SPECIFIC,Maps to HERBAL REMEDIES / NON-SPECIFIC
other amino acids,REMAP,AMINO ACIDS,AMINO ACIDS,Maps to AMINO ACIDS / AMINO ACIDS
other baby grooming products,REMOVE,,,Non-supplement category
other beverage mixers & additives,REMOVE,,,Non-supplement category
other cat flea & tick control,REMOVE,,,Non-supplement category
other cat health supplies,REMOVE,,,Non-supplement category
other cheese,REMOVE,,,Non-supplement category
other cheeses,REMOVE,,,Non-supplement category
other cocktail mixers,REMOVE,,,Non-supplement category
other cooking nuts & seeds,REMOVE,,,Non-supplement category
other cooking oils,REMOVE,,,Non-supplement category
other diagnostic tools,REMOVE,,,Non-supplement category
other dietary supplements,REMAP,MISCELLANEOUS SUPPLEMENTS,MISCELLANEOUS SUPPLEMENTS,Maps to MISCELLANEOUS SUPPLEMENTS / MISCELLANEOUS SUPPLEMENTS
other digestion & nausea,REMAP,DIGESTIVE AIDS & ENZYMES,DIGESTIVE AIDS & ENZYMES,Maps to DIGESTIVE AIDS & ENZYMES / DIGESTIVE AIDS & ENZYMES
other digestion treatments,REMAP,DIGESTIVE AIDS & ENZYMES,DIGESTIVE AIDS & ENZYMES,Maps to DIGESTIVE AIDS & ENZYMES / DIGESTIVE AIDS & ENZYMES
other digestive supplements,REMAP,DIGESTIVE AIDS & ENZYMES,DIGESTIVE AIDS & ENZYMES,Maps to DIGESTIVE AIDS & ENZYMES / DIGESTIVE AIDS & ENZYMES
other dog health supplies,REMOVE,,,Non-supplement category
other essential fatty acids,REMAP,OIL CATEGORY,ALL OTHER OIL,Maps to OIL CATEGORY / ALL OTHER OIL
other exercise accessories,REMOVE,,,Non-supplement category
other eye skin care,REMOVE,,,Non-supplement category
other face treatments & care,REMOVE,,,Non-supplement category
other facial treatments,REMOVE,,,Non-supplement category
other feminine care,REMOVE,,,Non-supplement category
other first aid,REMOVE,,,Non-supplement category
other hair styling products,REMOVE,,,Non-supplement category
other hair treatments,REMOVE,,,Non-supplement category
other health diagnostic supplies,REMOVE,,,Non-supplement category
other health diagnostic tools,REMOVE,,,Non-supplement category
other herbal supplements,REMAP,HERBAL REMEDIES,NON-SPECIFIC,Maps to HERBAL REMEDIES / NON-SPECIFIC
other home test,REMOVE,,,Non-supplement category
other intimate health,REMOVE,,,Non-supplement category
other medical & healthcare supplies,REMOVE,,,Non-supplement category
other men's hair removal,REMOVE,,,Non-supplement category
other mineral supplements,REMAP,BASIC VITAMINS & MINERALS,MINERALS,Maps to BASIC VITAMINS & MINERALS / MINERALS
other nuts,REMOVE,,,Non-supplement category
other pet flea & tick control,REMOVE,,,Non-supplement category
other playground equipment,REMOVE,,,Non-supplement category
other pregnancy & maternity care,REMOVE,,,Non-supplement category
other salon & spa equipment,REMOVE,,,Non-supplement category
other seeds,REMOVE,,,Non-supplement category
other sexual wellness,REMOVE,,,Non-supplement category
other skin care tools & accessories,REMOVE,,,Non-supplement category
other spice,REMOVE,,,Non-supplement category
other spices,REMOVE,,,Non-supplement category
other sugar substitutes,REMOVE,,,Non-supplement category
other themogenics supplements,REMAP,WEIGHT MANAGEMENT FORMULAS,WEIGHT MANAGEMENT FORMULAS,Maps to WEIGHT MANAGEMENT FORMULAS / WEIGHT MANAGEMENT FORMULAS
other thermogenics supplements,REMOVE,,,Non-supplement category
other vinegars,REMOVE,,,Non-supplement category
other vitamin b supplements,REMAP,BASIC VITAMINS & MINERALS,LETTER VITAMINS,Maps to BASIC VITAMINS & MINERALS / LETTER VITAMINS
packaged jalapenos,REMOVE,,,Non-supplement category
pain relief rubs & ointments,REMOVE,,,Non-supplement category
pain relievers,REMAP,OTC,OTC - PAIN & INFLAMMATION,Maps to OTC / OTC - PAIN & INFLAMMATION
panty liners,REMOVE,,,Non-supplement category
paprika spice,REMOVE,,,Non-supplement category
parmesan cheese,REMOVE,,,Non-supplement category
parsley spice,REMOVE,,,Non-supplement category
peanuts,REMOVE,,,Non-supplement category
pecans,REMOVE,,,Non-supplement category
performance enhancers & stimulants,REMOVE,,,Non-supplement category
period underwear,REMOVE,,,Non-supplement category
"perms, relaxers & texturizers",REMOVE,,,Non-supplement category
personal care wipes,REMOVE,,,Non-supplement category
personal cleansing wipes,REMOVE,,,Non-supplement category
pet dental care,REMOVE,,,Non-supplement category
pet dewormers & prevention,REMOVE,,,Non-supplement category
pet ear & eye care,REMOVE,,,Non-supplement category
pet flea & tick oral treatments,REMOVE,,,Non-supplement category
pet flea & tick shampoo,REMOVE,,,Non-supplement category
pet flea powders & sprays,REMOVE,,,Non-supplement category
pet home test kits,REMOVE,,,Non-supplement category
pet nursing supplies,REMOVE,,,Non-supplement category
pet recovery collars & suits,REMOVE,,,Non-supplement category
pet relaxants,REMOVE,,,Non-supplement category
piercing & tattoo supplies,REMOVE,,,Non-supplement category
pistachio nuts,REMOVE,,,Non-supplement category
plant powders,REMAP,PROTEIN SUPPLEMENTS & MEAL REPLACEMENTS,PROTEIN & MEAL REPLACEMENT POWDER,Maps to PROTEIN SUPPLEMENTS & MEAL REPLACEMENTS / PROTEIN & MEAL REPLACEMENT POWDER
play & swing sets,REMOVE,,,Non-supplement category
play set attachments,REMOVE,,,Non-supplement category
playground balls,REMOVE,,,Non-supplement category
playhouses,REMOVE,,,Non-supplement category
poppy seed spice,REMOVE,,,Non-supplement category
post-workout & recovery supplements,REMAP,PERFORMANCE NUTRITION,PERFORMANCE NUTRITION,Maps to PERFORMANCE NUTRITION / PERFORMANCE NUTRITION
postpartum care products,REMOVE,,,Non-supplement category
potassium supplements,REMAP,BASIC VITAMINS & MINERALS,MINERALS,Maps to BASIC VITAMINS & MINERALS / MINERALS
pre-work nitric oxide boosters,REMAP,PERFORMANCE NUTRITION,PERFORMANCE NUTRITION,Maps to PERFORMANCE NUTRITION / PERFORMANCE NUTRITION
pre-work powders,REMAP,PERFORMANCE NUTRITION,PERFORMANCE NUTRITION,Maps to PERFORMANCE NUTRITION / PERFORMANCE NUTRITION
pre-workout nitric oxide boosters,REMAP,PERFORMANCE NUTRITION,PERFORMANCE NUTRITION,Maps to PERFORMANCE NUTRITION / PERFORMANCE NUTRITION
pre-workout powders,REMAP,PERFORMANCE NUTRITION,PERFORMANCE NUTRITION,Maps to PERFORMANCE NUTRITION / PERFORMANCE NUTRITION
pregnancy & maternity care products,REMOVE,,,Non-supplement category
pregnancy care,REMOVE,,,Non-supplement category
pregnancy maternity pillows,REMOVE,,,Non-supplement category
prenatal vitamins,REMAP,COMBINED MULTIVITAMINS,PRENATAL,Maps to COMBINED MULTIVITAMINS / PRENATAL
probiotics,REMAP,PREBIOTICS & PROBIOTICS,PREBIOTICS & PROBIOTICS,Maps to PREBIOTICS & PROBIOTICS / PREBIOTICS & PROBIOTICS
professional massage equipment,REMOVE,,,Non-supplement category
protein powder blends,REMAP,PROTEIN SUPPLEMENTS & MEAL REPLACEMENTS,PROTEIN & MEAL REPLACEMENT POWDER,Maps to PROTEIN SUPPLEMENTS & MEAL REPLACEMENTS / PROTEIN & MEAL REPLACEMENT POWDER
pumpkin seeds,REMOVE,,,Non-supplement category
ready to drink protein,REMAP,PROTEIN SUPPLEMENTS & MEAL REPLACEMENTS,PROTEIN & MEAL REPLACEMENT LIQUID,Maps to PROTEIN SUPPLEMENTS & MEAL REPLACEMENTS / PROTEIN & MEAL REPLACEMENT LIQUID
red wine vinegars,REMOVE,,,Non-supplement category
red yeast rice herbal supplements,REMAP,MISCELLANEOUS SUPPLEMENTS,MISCELLANEOUS SUPPLEMENTS,Maps to MISCELLANEOUS SUPPLEMENTS / MISCELLANEOUS SUPPLEMENTS
reusable eye masks & pillows,REMOVE,,,Non-supplement category
reusable menstrual liners & pads,REMOVE,,,Non-supplement category
reusable period liners & pads,REMOVE,,,Non-supplement category
rosemary spice,REMOVE,,,Non-supplement category
royal jelly,REMAP,FOOD SUPPLEMENTS,FOOD SUPPLEMENTS,Maps to FOOD SUPPLEMENTS / FOOD SUPPLEMENTS
saffron spice,REMOVE,,,Non-supplement category
sage leaf spice,REMOVE,,,Non-supplement category
salon & spa equipment,REMOVE,,,Non-supplement category
salon chairs & stools,REMOVE,,,Non-supplement category
salon sanitation & disinfection,REMOVE,,,Non-supplement category
salon stations & tables,REMOVE,,,Non-supplement category
sauna suits,REMOVE,,,Non-supplement category
savory spice,REMOVE,,,Non-supplement category
saw palmetto herbal supplements,REMAP,HERBAL REMEDIES,NON-SPECIFIC,Maps to HERBAL REMEDIES / NON-SPECIFIC
selenium supplements,REMAP,BASIC VITAMINS & MINERALS,MINERALS,Maps to BASIC VITAMINS & MINERALS / MINERALS
sesame,REMOVE,,,Non-supplement category
sesame oil,REMOVE,,,Non-supplement category
sesame seed spice,REMOVE,,,Non-supplement category
sex bondage gear & accessories,REMOVE,,,Non-supplement category
sex lubricants,REMOVE,,,Non-supplement category
sex toys,REMOVE,,,Non-supplement category
single homeopathic remedies,REMAP,HOMEOPATHICS,HOMEOPATHICS,Maps to HOMEOPATHICS / HOMEOPATHICS
sinus medicine,REMAP,OTC,"OTC - COUGH, COLD & FLU","Maps to OTC / OTC - COUGH, COLD & FLU"
skin care devices,REMOVE,,,Non-supplement category
skin care kits & sets,REMOVE,,,Non-supplement category
skin care sets & kits,REMOVE,,,Non-supplement category
skin care tools & devices,REMOVE,,,Non-supplement category
skin healing ointments & balms,REMOVE,,,Non-supplement category
sleeping masks,REMOVE,,,Non-supplement category
smoothies,REMOVE,,,Non-supplement category
snore reducing aids,REMOVE,,,Non-supplement category
soft drink mixes,REMOVE,,,Non-supplement category
sound therapy & tuning forks,REMOVE,,,Non-supplement category
sour cream,REMOVE,,,Non-supplement category
spa treatment devices,REMOVE,,,Non-supplement category
speed & agility training,REMOVE,,,Non-supplement category
sphygmomanometers,REMOVE,,,Non-supplement category
stethoscopes & accessories,REMOVE,,,Non-supplement category
stevia herbal supplements,REMAP,HERBAL REMEDIES,NON-SPECIFIC,Maps to HERBAL REMEDIES / NON-SPECIFIC
stevia sugar substitutes,REMAP,HERBAL REMEDIES,NON-SPECIFIC,Maps to HERBAL REMEDIES / NON-SPECIFIC
sugars,REMOVE,,,Non-supplement category
sunflower seeds,REMOVE,,,Non-supplement category
superfoods,REMAP,FOOD SUPPLEMENTS,FOOD SUPPLEMENTS,Maps to FOOD SUPPLEMENTS / FOOD SUPPLEMENTS
surgical supplies & tools,REMOVE,,,Non-supplement category
sweet basil leaf spice,REMAP,HERBAL REMEDIES,NON-SPECIFIC,Maps to HERBAL REMEDIES / NON-SPECIFIC
tampons,REMOVE,,,Non-supplement category
tattoo supplies & care,REMOVE,,,Non-supplement category
testosterone boosters,REMAP,PERFORMANCE NUTRITION,PERFORMANCE NUTRITION,Maps to PERFORMANCE NUTRITION / PERFORMANCE NUTRITION
therapy hot water bottles,REMOVE,,,Non-supplement category
thyme spice,REMOVE,,,Non-supplement category
trace minerals,REMAP,BASIC VITAMINS & MINERALS,MINERALS,Maps to BASIC VITAMINS & MINERALS / MINERALS
trampolines & accessories,REMOVE,,,Non-supplement category
treadmill accessories,REMOVE,,,Non-supplement category
treadmills,REMOVE,,,Non-supplement category
truffle,REMOVE,,,Non-supplement category
truffle oil,REMOVE,,,Non-supplement category
tubular bandages & wraps,REMOVE,,,Non-supplement category
turmeric & curcumin supplements,REMAP,HERBAL REMEDIES,NON-SPECIFIC,Maps to HERBAL REMEDIES / NON-SPECIFIC
turmeric herbal supplements,REMAP,HERBAL REMEDIES,NON-SPECIFIC,Maps to HERBAL REMEDIES / NON-SPECIFIC
turmeric spice,REMOVE,,,Non-supplement category
tweezers,REMOVE,,,Non-supplement category
unclassified,REMOVE,,,Non-supplement category
vaginal moisturizers,REMOVE,,,Non-supplement category
vanilla beans spice,REMOVE,,,Non-supplement category
vegetable,REMOVE,,,Non-supplement category
vegetable oil,REMOVE,,,Non-supplement category
virus & infection test kits,REMOVE,,,Non-supplement category
vitamin a supplements,REMAP,BASIC VITAMINS & MINERALS,LETTER VITAMINS,Maps to BASIC VITAMINS & MINERALS / LETTER VITAMINS
vitamin b-complex,REMAP,BASIC VITAMINS & MINERALS,LETTER VITAMINS,Maps to BASIC VITAMINS & MINERALS / LETTER VITAMINS
vitamin b12,REMAP,BASIC VITAMINS & MINERALS,LETTER VITAMINS,Maps to BASIC VITAMINS & MINERALS / LETTER VITAMINS
vitamin b3 (niacin),REMAP,BASIC VITAMINS & MINERALS,LETTER VITAMINS,Maps to BASIC VITAMINS & MINERALS / LETTER VITAMINS
vitamin b6,REMAP,BASIC VITAMINS & MINERALS,LETTER VITAMINS,Maps to BASIC VITAMINS & MINERALS / LETTER VITAMINS
vitamin b7 (biotin),REMAP,BASIC VITAMINS & MINERALS,LETTER VITAMINS,Maps to BASIC VITAMINS & MINERALS / LETTER VITAMINS
vitamin b9 (folic acid),REMAP,BASIC VITAMINS & MINERALS,LETTER VITAMINS,Maps to BASIC VITAMINS & MINERALS / LETTER VITAMINS
vitamin bioflavonoid complex,REMAP,BASIC VITAMINS & MINERALS,LETTER VITAMINS,Maps to BASIC VITAMINS & MINERALS / LETTER VITAMINS
vitamin c-complex,REMAP,BASIC VITAMINS & MINERALS,LETTER VITAMINS,Maps to BASIC VITAMINS & MINERALS / LETTER VITAMINS
vitamin d supplements,REMAP,BASIC VITAMINS & MINERALS,LETTER VITAMINS,Maps to BASIC VITAMINS & MINERALS / LETTER VITAMINS
vitamin e supplements,REMAP,BASIC VITAMINS & MINERALS,LETTER VITAMINS,Maps to BASIC VITAMINS & MINERALS / LETTER VITAMINS
vitamin k supplements,REMAP,BASIC VITAMINS & MINERALS,LETTER VITAMINS,Maps to BASIC VITAMINS & MINERALS / LETTER VITAMINS
walnuts,REMOVE,,,Non-supplement category
water flavoring drops,REMOVE,,,Non-supplement category
weight gainers,REMAP,WEIGHT MANAGEMENT FORMULAS,WEIGHT MANAGEMENT FORMULAS,Maps to WEIGHT MANAGEMENT FORMULAS / WEIGHT MANAGEMENT FORMULAS
weight loss bars,REMOVE,,,Non-supplement category
weight loss detox & cleanse,REMAP,WEIGHT MANAGEMENT FORMULAS,WEIGHT MANAGEMENT FORMULAS,Maps to WEIGHT MANAGEMENT FORMULAS / WEIGHT MANAGEMENT FORMULAS
weight loss diet kits & systems,REMAP,WEIGHT MANAGEMENT FORMULAS,WEIGHT MANAGEMENT FORMULAS,Maps to WEIGHT MANAGEMENT FORMULAS / WEIGHT MANAGEMENT FORMULAS
weight loss diuretics,REMAP,WEIGHT MANAGEMENT FORMULAS,WEIGHT MANAGEMENT FORMULAS,Maps to WEIGHT MANAGEMENT FORMULAS / WEIGHT MANAGEMENT FORMULAS
weight loss shakes & powders,REMAP,WEIGHT MANAGEMENT FORMULAS,WEIGHT MANAGEMENT FORMULAS,Maps to WEIGHT MANAGEMENT FORMULAS / WEIGHT MANAGEMENT FORMULAS
weight loss supplements,REMAP,WEIGHT MANAGEMENT FORMULAS,WEIGHT MANAGEMENT FORMULAS,Maps to WEIGHT MANAGEMENT FORMULAS / WEIGHT MANAGEMENT FORMULAS
whey protein,REMAP,PROTEIN SUPPLEMENTS & MEAL REPLACEMENTS,PROTEIN & MEAL REPLACEMENTS POWDER,Maps to PROTEIN SUPPLEMENTS & MEAL REPLACEMENTS / PROTEIN & MEAL REPLACEMENTS POWDER
women jeans,REMOVE,,,Non-supplement category
wound & scar care,REMOVE,,,Non-supplement category
wound care,REMOVE,,,Non-supplement category
xylitol sugar substitutes,REMOVE,,,Non-supplement category
yogurt,REMOVE,,,Non-supplement category
zinc supplements,REMAP,BASIC VITAMINS & MINERALS,MINERALS,Maps to BASIC VITAMINS & MINERALS / MINERALS
